date,adjOpen,adjHigh,adjLow,adjClose,adjVolume
2012-10-16,49.0848505417,49.0848505417,49.025877954,49.0357067186,30251
2012-10-17,49.025877954,49.0357067186,48.9963916601,49.025877954,95680
2012-10-18,49.025877954,49.0553642479,48.9885286484,48.9963916601,109179
2012-10-19,49.0553642479,49.104508071,49.0461252091,49.0750217771,106661
2012-10-22,49.0553642479,49.0553642479,49.0357067186,49.0455354832,59465
2012-10-23,49.0553642479,49.0553642479,49.0455354832,49.0553642479,42587
2012-10-24,49.0553642479,49.0553642479,49.0357067186,49.0455354832,47009
2012-10-25,48.9865628955,48.9865628955,48.9767341309,48.9865628955,77248
2012-10-26,49.0357067186,49.0357067186,49.0203738458,49.025877954,69045
2012-10-31,49.0455354832,49.0553642479,49.025877954,49.0553642479,52961
2012-11-01,49.0946793064,49.104508071,49.0650947248,49.104508071,83383
2012-11-02,49.104508071,49.104508071,49.0946793064,49.104508071,39262
2012-11-05,49.104508071,49.104508071,49.0848505417,49.104508071,42639
2012-11-06,49.1339943649,49.1339943649,49.1143368356,49.1241656002,21929
2012-11-07,49.1438231295,49.1438231295,49.1231827238,49.1339943649,47988
2012-11-08,49.1339943649,49.1438231295,49.1298662837,49.1339943649,36927
2012-11-09,49.1339943649,49.1383190213,49.1241656002,49.1339943649,33902
2012-11-12,49.1339943649,49.1438231295,49.1144351233,49.1438231295,59322
2012-11-13,49.1438231295,49.1438231295,49.1055892351,49.1339943649,74771
2012-11-14,49.1143368356,49.1143368356,49.0946793064,49.1143368356,58988
2012-11-15,49.1241656002,49.1241656002,49.1109950556,49.1143368356,56377
2012-11-16,49.1241656002,49.1438231295,49.1143368356,49.1438231295,65946
2012-11-19,49.1438231295,49.1536518941,49.1298662837,49.1438231295,39346
2012-11-20,49.1438231295,49.1438231295,49.1241656002,49.1339943649,66548
2012-11-21,49.1438231295,49.1438231295,49.1241656002,49.1438231295,30790
2012-11-23,49.261768305,49.261768305,49.1438231295,49.1634806587,24450
2012-11-26,49.1929669526,49.1929669526,49.1733094234,49.1811724351,39258
2012-11-27,49.2027957173,49.2027957173,49.1733094234,49.1929669526,52071
2012-11-28,49.2224532465,49.2224532465,49.1634806587,49.1929669526,50745
2012-11-29,49.1929669526,49.2421107758,49.1733094234,49.2421107758,23803
2012-11-30,49.2421107758,49.2814258343,49.2136073583,49.2814258343,91934
2012-12-03,49.1438231295,49.2912545989,49.1438231295,49.2912545989,70947
2012-12-04,49.3207408928,49.3207408928,49.2772977531,49.2912545989,52238
2012-12-05,49.2322820111,49.340398422,49.2322820111,49.340398422,48753
2012-12-06,49.3305696574,49.3305696574,49.2912545989,49.3305696574,20317
2012-12-07,49.3502271866,49.3502271866,49.3109121281,49.3502271866,64250
2012-12-10,49.3600559513,49.3600559513,49.3206426051,49.3305696574,83920
2012-12-11,49.3305696574,49.3305696574,49.3010833635,49.3109121281,86130
2012-12-12,49.340398422,49.3600559513,49.3207408928,49.3502271866,74853
2012-12-13,49.314843634,49.3207408928,49.3010833635,49.3109121281,70625
2012-12-14,49.261768305,49.2912545989,49.261768305,49.2912545989,44425
2012-12-17,49.2814258343,49.2814258343,49.2322820111,49.2421107758,90521
2012-12-18,49.2322820111,49.2421107758,49.2224532465,49.2421107758,102817
2012-12-19,49.2322820111,49.2558710462,49.2126244819,49.2519395404,65902
2012-12-20,49.2538746827,49.3030695235,49.2369516574,49.2833915872,152753
2012-12-21,49.273552619,49.273552619,49.2244561678,49.273552619,58099
2012-12-24,49.2637136508,49.2637136508,49.2440357145,49.2637136508,38098
2012-12-26,49.273552619,49.2932305554,49.262729754,49.2932305554,52756
2012-12-27,49.2833915872,49.3030695235,49.273552619,49.3030695235,89432
2012-12-28,49.3129084917,49.3129084917,49.2705025389,49.3030695235,95820
2012-12-31,49.273552619,49.3129084917,49.2440357145,49.3129084917,85900
2013-01-02,49.2833915872,49.2833915872,49.2637136508,49.2833915872,61846
2013-01-03,49.2637136508,49.2832931975,49.2243577781,49.2341967463,48861
2013-01-04,49.2341967463,49.2341967463,49.1948408736,49.21451881,57160
2013-01-07,49.1948408736,49.2440357145,49.1948408736,49.2440357145,62498
2013-01-08,49.2538746827,49.273552619,49.2440357145,49.273552619,42110
2013-01-09,49.273552619,49.3227474599,49.2688299143,49.3227474599,247419
2013-01-10,49.3129084917,49.3424253962,49.2932305554,49.3129084917,156365
2013-01-11,49.2932305554,49.2932305554,49.2440357145,49.273552619,81045
2013-01-14,49.2833915872,49.3030695235,49.2637136508,49.3030695235,88486
2013-01-15,49.3129084917,49.3325864281,49.3057260449,49.3325864281,101961
2013-01-16,49.3030695235,49.3227474599,49.2833915872,49.3227474599,101413
2013-01-17,49.3030695235,49.3119245949,49.2824076904,49.2932305554,143613
2013-01-18,49.2932305554,49.3030695235,49.2824076904,49.3030695235,95184
2013-01-22,49.2932305554,49.3325864281,49.2833915872,49.3325864281,110777
2013-01-23,49.3325864281,49.3325864281,49.2932305554,49.3325864281,143148
2013-01-24,49.3227474599,49.3227474599,49.2637136508,49.3227474599,120936
2013-01-25,49.2932305554,49.2932305554,49.2440357145,49.273552619,173504
2013-01-28,49.2637136508,49.273552619,49.2420679209,49.2637136508,176961
2013-01-29,49.2833915872,49.3030695235,49.2538746827,49.3030695235,129253
2013-01-30,49.3030695235,49.3522643644,49.2932305554,49.3522643644,172503
2013-01-31,49.3621033326,49.3916202371,49.3325864281,49.3817812689,185188
2013-02-01,49.4211371416,49.4309761098,49.3522643644,49.3916202371,88537
2013-02-04,49.4112981735,49.4506540462,49.401557595,49.4309761098,229222
2013-02-05,49.4112981735,49.4211371416,49.3817812689,49.4211371416,188194
2013-02-06,49.4112981735,49.4309761098,49.3817812689,49.4211371416,352324
2013-02-07,49.4309761098,49.4309761098,49.3522643644,49.3522643644,296436
2013-02-08,49.4014592053,49.4014592053,49.3591516421,49.4013608156,275670
2013-02-11,49.3916202371,49.3916202371,49.3424253962,49.3719423008,283596
2013-02-12,49.3719423008,49.3719423008,49.3227474599,49.3522643644,218432
2013-02-13,49.3522643644,49.3817812689,49.3227474599,49.3424253962,182539
2013-02-14,49.3817812689,49.4014592053,49.3425237859,49.4014592053,169748
2013-02-15,49.3916202371,49.3916202371,49.3424253962,49.3817812689,172499
2013-02-19,49.3916202371,49.3916202371,49.3325864281,49.3817812689,278337
2013-02-20,49.3719423008,49.3817812689,49.3424253962,49.3719423008,163553
2013-02-21,49.3719423008,49.3719423008,49.3325864281,49.3719423008,73947
2013-02-22,49.3817812689,49.3916202371,49.3524611438,49.3916202371,230931
2013-02-25,49.3916202371,49.440815078,49.3817812689,49.4211371416,100730
2013-02-26,49.3916202371,49.4014592053,49.3522643644,49.3817812689,87511
2013-02-27,49.4014592053,49.4014592053,49.3653501921,49.3817812689,213373
2013-02-28,49.3916202371,49.4014592053,49.3640711262,49.4014592053,379911
2013-03-01,49.3817812689,49.4014592053,49.354232158,49.4004753085,129767
2013-03-04,49.3916202371,49.4014592053,49.3522643644,49.4014592053,174621
2013-03-05,49.4112981735,49.4211371416,49.3817812689,49.4211371416,131767
2013-03-06,49.4014592053,49.4014592053,49.3621033326,49.3916202371,141873
2013-03-07,49.3916202371,49.3916202371,49.3522643644,49.3719423008,162196
2013-03-08,49.3719423008,49.3916202371,49.3554128342,49.3807973721,183256
2013-03-11,49.4112981735,49.4112981735,49.3719423008,49.3916202371,300080
2013-03-12,49.4211371416,49.4309761098,49.4094287695,49.4309761098,118553
2013-03-13,49.4211371416,49.440815078,49.4112981735,49.440815078,131984
2013-03-14,49.4309761098,49.499848887,49.4309761098,49.499848887,154039
2013-03-15,49.5096878552,49.5490437279,49.4900099189,49.5490437279,238674
2013-03-18,49.5392047597,49.5392047597,49.5096878552,49.5283818947,284265
2013-03-19,49.5392047597,49.5490437279,49.4870582284,49.499848887,297072
2013-03-20,49.5096878552,49.5096878552,49.4801709507,49.4900099189,418738
2013-03-21,49.5096878552,49.5096878552,49.4506540462,49.4703319825,296633
2013-03-22,49.4900099189,49.4900099189,49.4506540462,49.4703319825,677277
2013-03-25,49.4900099189,49.499848887,49.460591404,49.4900099189,421489
2013-03-26,49.4703319825,49.4900099189,49.4506540462,49.4900099189,223588
2013-03-27,49.5293657916,49.5293657916,49.4791870539,49.4900099189,203514
2013-03-28,49.4900099189,49.5293657916,49.4900099189,49.5293657916,203032
2013-04-01,49.5687216643,49.5687216643,49.5293657916,49.5490437279,170177
2013-04-02,49.5490437279,49.5490437279,49.5096878552,49.5195268234,139905
2013-04-03,49.5490437279,49.5490437279,49.4900099189,49.5096878552,80159
2013-04-04,49.5096878552,49.5195268234,49.4900099189,49.5096878552,377764
2013-04-05,49.5392047597,49.5392047597,49.4703319825,49.4801709507,81813
2013-04-08,49.5195268234,49.5195268234,49.4341245796,49.4506540462,158057
2013-04-09,49.4703319825,49.4703319825,49.4014592053,49.4211371416,107968
2013-04-10,49.440815078,49.440815078,49.3522643644,49.4014592053,114505
2013-04-11,49.4211371416,49.4309761098,49.3719423008,49.4309761098,146637
2013-04-12,49.440815078,49.440815078,49.3817812689,49.4211371416,97222
2013-04-15,49.3817812689,49.3916202371,49.2833915872,49.2932305554,166074
2013-04-16,49.3030695235,49.3227474599,49.2833915872,49.3030695235,158930
2013-04-17,49.273552619,49.2833915872,49.2440357145,49.2440357145,122300
2013-04-18,49.2833915872,49.2833915872,49.0570953192,49.0964511919,185085
2013-04-19,49.1653239691,49.1947424839,49.1260664861,49.1751629373,90724
2013-04-22,49.1948408736,49.2341967463,49.1653239691,49.1948408736,100188
2013-04-23,49.2046798418,49.2046798418,49.1554850009,49.1850019054,112206
2013-04-24,49.1653239691,49.2341967463,49.1653239691,49.21451881,123068
2013-04-25,49.273552619,49.3129084917,49.2442324938,49.2637136508,61521
2013-04-26,49.3030695235,49.3424253962,49.3020856267,49.3030695235,71994
2013-04-29,49.3522643644,49.3522643644,49.3030695235,49.3227474599,84354
2013-04-30,49.3325864281,49.3325864281,49.2440357145,49.273552619,105045
2013-05-01,49.2538746827,49.2538746827,49.1850019054,49.2135349131,88937
2013-05-02,49.1751629373,49.2243577781,49.1751629373,49.2046798418,68320
2013-05-03,49.2440357145,49.2440357145,49.1948408736,49.2341967463,81928
2013-05-06,49.2440357145,49.2637136508,49.1948408736,49.2538746827,65284
2013-05-07,49.273552619,49.273552619,49.2440357145,49.262729754,85298
2013-05-08,49.273552619,49.273552619,49.21451881,49.21451881,129691
2013-05-09,49.2637136508,49.2637136508,49.21451881,49.2440357145,107796
2013-05-10,49.2243577781,49.2243577781,49.1456460327,49.2046798418,237007
2013-05-13,49.1948408736,49.1948408736,49.1456460327,49.1456460327,106435
2013-05-14,49.0964511919,49.1653239691,49.0964511919,49.1161291282,143846
2013-05-15,49.1751629373,49.1751629373,49.101370676,49.1554850009,333020
2013-05-16,49.1653239691,49.1653239691,49.0570953192,49.1259680964,217456
2013-05-17,49.1259680964,49.1259680964,49.047256351,49.0570953192,146874
2013-05-20,49.0570953192,49.0964511919,49.047256351,49.0964511919,147290
2013-05-21,49.0079004783,49.10629016,49.0079004783,49.10629016,548648
2013-05-22,49.10629016,49.1259680964,48.9783835738,48.9980615101,216666
2013-05-23,48.9980615101,48.9980615101,48.9203336615,48.9587056374,137592
2013-05-24,48.9587056374,49.0669342873,48.9488666692,49.047256351,128188
2013-05-28,48.9193497647,48.9783835738,48.879993892,48.879993892,177677
2013-05-29,48.8898328602,48.8996718284,48.7816042103,48.8504769875,281030
2013-05-30,48.8504769875,48.8504769875,48.7520873057,48.7914431784,124064
2013-05-31,48.8111211148,48.8111211148,48.7201106592,48.8111211148,203887
2013-06-03,48.8111211148,48.8485091939,48.7520873057,48.8307990511,109863
2013-06-04,48.8504769875,48.8504769875,48.7570067898,48.820960083,121923
2013-06-05,48.8307990511,48.8504769875,48.7816042103,48.820960083,139032
2013-06-06,48.6930534967,48.7914431784,48.6930534967,48.7914431784,114060
2013-06-07,48.6635365922,48.7717652421,48.6635365922,48.6930534967,219105
2013-06-10,48.7422483376,48.7422483376,48.653697624,48.6930534967,199525
2013-06-11,48.5553079423,48.653697624,48.5159520696,48.594663815,102027
2013-06-12,48.6340196877,48.642874759,48.5257910377,48.6045027831,70795
2013-06-13,48.5848248468,48.6438586558,48.4569182605,48.6438586558,62310
2013-06-14,48.7717652421,48.7717652421,48.6636349819,48.7028924649,114726
2013-06-17,48.7520873057,48.7520873057,48.6045027831,48.6635365922,525962
2013-06-18,48.6635365922,48.7225704012,48.6635365922,48.7028924649,120059
2013-06-19,48.7520873057,48.7520873057,48.4569182605,48.5061131014,271742
2013-06-20,48.3683675469,48.496274133200004,48.2994947697,48.3782065151,311244
2013-06-21,48.3585285788,48.3585285788,48.0348265258,48.0731985017,740344
2013-06-24,47.8567412018,48.014066303,47.7485125519,47.9059360427,142816
2013-06-25,48.092876438,48.092876438,47.9649698518,48.033842629,158594
2013-06-26,48.1125543744,48.1204255489,48.0417138035,48.1027154062,130494
2013-06-27,48.1912661198,48.3191727061,48.1322323107,48.2896558015,257695
2013-06-28,48.260138897,48.3584301891,48.2158635402,48.3268471012,137622
2013-07-01,48.3191727061,48.4273029663,48.2502999288,48.4077234196,108008
2013-07-02,48.4372403242,48.486435165,48.3640384009,48.486435165,62678
2013-07-03,48.5356300059,48.5356300059,48.4373387138,48.4667572287,102431
2013-07-05,48.427401356,48.4362564273,48.3329472615,48.4077234196,62737
2013-07-08,48.3191727061,48.5061131014,48.3191727061,48.4667572287,75542
2013-07-09,48.5454689741,48.5454689741,48.4795478873,48.5257910377,109854
2013-07-10,48.5553079423,48.5749858786,48.5062114911,48.5257910377,77650
2013-07-11,48.653697624,48.653697624,48.5553079423,48.6143417513,64188
2013-07-12,48.6930534967,48.6930534967,48.5848248468,48.6143417513,233786
2013-07-15,48.9685446056,48.9685446056,48.6045027831,48.6733755604,116296
2013-07-16,48.7324093694,48.7324093694,48.6635365922,48.7225704012,172844
2013-07-17,48.820960083,48.820960083,48.7422483376,48.8111211148,85130
2013-07-18,48.7717652421,48.7717652421,48.6537960137,48.7314254726,90852
2013-07-19,48.7619262739,48.7914431784,48.7284737821,48.7816042103,148460
2013-07-22,48.7914431784,48.7914431784,48.714600837,48.7422483376,63021
2013-07-23,48.7127314331,48.7324093694,48.6438586558,48.7323109797,120329
2013-07-24,48.6635365922,48.6635365922,48.5061131014,48.6143417513,96980
2013-07-25,48.5749858786,48.6045027831,48.5159520696,48.6045027831,160604
2013-07-26,48.6438586558,48.6438586558,48.5749858786,48.6045027831,85605
2013-07-29,48.6143417513,48.6143417513,48.5159520696,48.594663815,115468
2013-07-30,48.594663815,48.594663815,48.5159520696,48.594663815,299052
2013-07-31,48.5651469104,48.6635365922,48.4785639905,48.6635365922,72100
2013-08-01,48.6733755604,48.6733755604,48.5749858786,48.6635365922,123582
2013-08-02,48.7324093694,48.7717652421,48.6733755604,48.7619262739,308157
2013-08-05,48.7422483376,48.7520873057,48.6733755604,48.7520873057,136133
2013-08-06,48.7914431784,48.7914431784,48.7028924649,48.7520873057,59387
2013-08-07,48.7619262739,48.7717652421,48.7127314331,48.7324093694,64899
2013-08-08,48.7422483376,48.7422483376,48.6554686383,48.6635365922,155778
2013-08-09,48.6635365922,48.7324093694,48.6635365922,48.7324093694,98524
2013-08-12,48.7520873057,48.7520873057,48.6733755604,48.7028924649,122089
2013-08-13,48.6733755604,48.6733755604,48.6045027831,48.6241807195,181913
2013-08-14,48.6340196877,48.6340196877,48.5257910377,48.5848248468,310917
2013-08-15,48.4765961969,48.5061131014,48.3880454833,48.4667572287,137832
2013-08-16,48.3978844515,48.4765961969,48.3191727061,48.3782065151,136110
2013-08-19,48.3880454833,48.3880454833,48.2798168334,48.3486896106,104033
2013-08-20,48.3978844515,48.4372403242,48.3585285788,48.4372403242,111509
2013-08-21,48.4372403242,48.4470792923,48.260138897,48.260138897,128690
2013-08-22,48.2699778652,48.6635365922,48.2306219925,48.2994947697,212578
2013-08-23,48.3093337379,48.4175623878,48.260138897,48.4175623878,79681
2013-08-26,48.3782065151,48.4667572287,48.3782065151,48.4470792923,96968
2013-08-27,48.5651469104,48.5651469104,48.5061131014,48.5553079423,51196
2013-08-28,48.5553079423,48.5553079423,48.4642974866,48.5257910377,249308
2013-08-29,48.3978844515,48.5061131014,48.3978844515,48.4765961969,189008
2013-08-30,48.5061131014,48.5061131014,48.4077234196,48.4372403242,117843
2013-09-03,48.3978844515,48.3978844515,48.3191727061,48.3880454833,64805
2013-09-04,48.3880454833,48.3880454833,48.2241282735,48.260138897,383786
2013-09-05,48.2109440561,48.2109440561,48.092876438,48.1125543744,156406
2013-09-06,48.1125543744,48.2699778652,48.1125543744,48.2404609607,117117
2013-09-09,48.2896558015,48.2985108729,48.2544322955,48.2699778652,108617
2013-09-10,48.2207830243,48.2306219925,48.1716865731,48.2109440561,164160
2013-09-11,48.2994947697,48.3388506424,48.2404609607,48.3191727061,98754
2013-09-12,48.3191727061,48.3969005546,48.3191727061,48.3585285788,148945
2013-09-13,48.3191727061,48.3683675469,48.3093337379,48.3683675469,359431
2013-09-16,48.5257910377,48.5257910377,48.4077234196,48.4372403242,124878
2013-09-17,48.4175623878,48.466658839,48.4077234196,48.4470792923,115171
2013-09-18,48.4077234196,48.7324093694,48.3978844515,48.6241807195,100670
2013-09-19,48.7127314331,48.7127314331,48.5942702562,48.6340196877,148712
2013-09-20,48.6340196877,48.6733755604,48.5749858786,48.6527137272,92402
2013-09-23,48.6635365922,48.6930534967,48.6143417513,48.6438586558,222771
2013-09-24,48.6045027831,48.6340196877,48.5848248468,48.6143417513,90620
2013-09-25,48.6045027831,48.653697624,48.5848248468,48.6438586558,79108
2013-09-26,48.6143417513,48.6241807195,48.5749858786,48.6143417513,109393
2013-09-27,48.653697624,48.6635365922,48.6085367601,48.6438586558,64859
2013-09-30,48.6143417513,48.6340196877,48.5652453001,48.6291002036,84941
2013-10-01,48.6241807195,48.6241807195,48.5356300059,48.6045027831,135966
2013-10-02,48.653697624,48.7027940752,48.6027317689,48.6930534967,121885
2013-10-03,48.6930534967,48.7324093694,48.6350035845,48.7028924649,81652
2013-10-04,48.6930534967,48.7028924649,48.6143417513,48.6733755604,74497
2013-10-07,48.7127314331,48.7202090489,48.6143417513,48.6733755604,142377
2013-10-08,48.594663815,48.6635365922,48.5848248468,48.6143417513,557517
2013-10-09,48.6241807195,48.6723916635,48.6045027831,48.6438586558,108001
2013-10-10,48.653697624,48.7028924649,48.5848248468,48.6930534967,63600
2013-10-11,48.6733755604,48.7225704012,48.6350035845,48.6635365922,72409
2013-10-14,48.6733755604,48.7225704012,48.653697624,48.6733755604,105857
2013-10-15,48.653697624,48.6930534967,48.6241807195,48.6635365922,53600
2013-10-16,48.6635365922,48.7324093694,48.6241807195,48.7127314331,71400
2013-10-17,48.7028924649,48.7717652421,48.6832145285,48.7028924649,79974
2013-10-18,48.7127314331,48.7816042103,48.7127314331,48.7225704012,119807
2013-10-21,48.7816042103,48.7816042103,48.7225704012,48.7520873057,106600
2013-10-22,48.7324093694,48.8002982498,48.7225704012,48.7422483376,97217
2013-10-23,48.7914431784,48.7914431784,48.7225704012,48.7324093694,118100
2013-10-24,48.7225704012,48.7520873057,48.6832145285,48.7520873057,65700
2013-10-25,48.7717652421,48.7914431784,48.7127314331,48.7914431784,97500
2013-10-28,48.7816042103,48.7914431784,48.7717652421,48.7914431784,98000
2013-10-29,48.7717652421,48.8012821466,48.7717652421,48.7816042103,104600
2013-10-30,48.7324093694,48.820960083,48.7225704012,48.7225704012,56305
2013-10-31,48.7422483376,48.7894753848,48.6733755604,48.6733755604,228436
2013-11-01,48.7028924649,48.7028924649,48.6045027831,48.6340196877,46300
2013-11-04,48.6438586558,48.6635365922,48.6143417513,48.6438586558,85200
2013-11-05,48.653697624,48.6635365922,48.6045027831,48.6438586558,102600
2013-11-06,48.7225704012,48.7914431784,48.6832145285,48.7422483376,69400
2013-11-07,48.8012821466,48.8111211148,48.7028924649,48.7324093694,173000
2013-11-08,48.6143417513,48.7028924649,48.6143417513,48.6241807195,80001
2013-11-11,48.6832145285,48.6930534967,48.594663815,48.6635365922,94600
2013-11-12,48.6930534967,48.7028924649,48.6241807195,48.6635365922,50300
2013-11-13,48.6635365922,48.7422483376,48.6635365922,48.7324093694,68817
2013-11-14,48.7520873057,48.8406380193,48.705647376,48.8012821466,196052
2013-11-15,48.7619262739,48.8307990511,48.7520873057,48.8111211148,114909
2013-11-18,48.8111211148,48.8406380193,48.8012821466,48.8406380193,104000
2013-11-19,48.7324093694,48.8012821466,48.7028924649,48.7442161312,69172
2013-11-20,48.6930534967,48.7816042103,48.6833129182,48.7127314331,151548
2013-11-21,48.6438586558,48.7876059809,48.6438586558,48.7619262739,134204
2013-11-22,48.7619262739,48.7914431784,48.7520873057,48.7717652421,212000
2013-11-25,48.7127314331,48.7914431784,48.7028924649,48.7570067898,55982
2013-11-26,48.7225704012,48.7678296548,48.7028924649,48.7127314331,154016
2013-11-27,48.7028924649,48.7421499479,48.6636349819,48.7324093694,63623
2013-11-29,48.7324093694,48.7619262739,48.6733755604,48.7520873057,52077
2013-12-02,48.6635365922,48.7324093694,48.5848248468,48.6527137272,249787
2013-12-03,48.653697624,48.6832145285,48.6241807195,48.653697624,118485
2013-12-04,48.6143417513,48.6438586558,48.5749858786,48.6241807195,141908
2013-12-05,48.594663815,48.6340196877,48.5651469104,48.6340196877,174544
2013-12-06,48.5061131014,48.6045027831,48.5061131014,48.5336622123,130503
2013-12-09,48.5651469104,48.5936799181,48.5061131014,48.5553079423,186089
2013-12-10,48.5848248468,48.597418726,48.5390736448,48.5844312881,98875
2013-12-11,48.5749858786,48.6045027831,48.5553079423,48.5749858786,74506
2013-12-12,48.5454689741,48.5484206645,48.4805317841,48.5252006996,48292
2013-12-13,48.5356300059,48.5553079423,48.49725803,48.5454689741,177091
2013-12-16,48.5749858786,48.5848248468,48.5257910377,48.5749858786,150776
2013-12-17,48.5553079423,48.6143417513,48.5553079423,48.6045027831,104055
2013-12-18,48.5651469104,48.642874759,48.5356300059,48.5749858786,129036
2013-12-19,48.5159520696,48.5749858786,48.4667572287,48.5159520696,172200
2013-12-20,48.4795432934,48.5189175418,48.4544422101,48.4893868555,296381
2013-12-23,48.440169045,48.499131982,48.4204819209,48.4500126071,297087
2013-12-24,48.4598561692,48.4598561692,48.4106383588,48.4500126071,56043
2013-12-26,48.4500126071,48.4795432934,48.4007947967,48.4696997313,54415
2013-12-27,48.4795432934,48.4992304176,48.4385940751,48.4598561692,218729
2013-12-30,48.4598561692,48.5090739797,48.4500126071,48.4992304176,73629
2013-12-31,48.4893868555,48.5582917901,48.4601514761,48.5582917901,74346
2014-01-02,48.548448228,48.5878224764,48.4903712117,48.5878224764,114285
2014-01-03,48.5189175418,48.5582917901,48.5072037029,48.5179331855,46103
2014-01-06,48.5386046659,48.5779789143,48.5287611038,48.5582917901,108145
2014-01-07,48.6271967247,48.6271967247,48.5288595395,48.5760102019,107908
2014-01-08,48.548448228,48.5582917901,48.5090739797,48.5090739797,78207
2014-01-09,48.5287611038,48.5582917901,48.4992304176,48.5386046659,88643
2014-01-10,48.6173531627,48.6360559306,48.5681353522,48.6075096006,181458
2014-01-13,48.6173531627,48.6271967247,48.5955004548,48.6075096006,212076
2014-01-14,48.5976660385,48.617254727,48.5189175418,48.5582917901,152674
2014-01-15,48.5189175418,48.548448228,48.4893868555,48.548448228,69906
2014-01-16,48.5386046659,48.5779789143,48.4893868555,48.5386046659,62614
2014-01-17,48.4696997313,48.548448228,48.4696997313,48.5090739797,61442
2014-01-21,48.5386046659,48.5582917901,48.4894852911,48.5386046659,89677
2014-01-22,48.4696997313,48.5059240398,48.4500126071,48.4893868555,96229
2014-01-23,48.5287611038,48.5792585774,48.5090739797,48.5347656767,70699
2014-01-24,48.548448228,48.5878224764,48.5189175418,48.548448228,107539
2014-01-27,48.5582917901,48.5775851718,48.4992304176,48.5090739797,79003
2014-01-28,48.5582917901,48.5976660385,48.5189175418,48.5878224764,84093
2014-01-29,48.5976660385,48.6369418512,48.5779789143,48.615187579,54618
2014-01-30,48.6173531627,48.6468838489,48.5780773499,48.6370402868,57076
2014-01-31,48.656727411,48.656727411,48.5878224764,48.6370402868,164589
2014-02-03,48.6764145352,48.7354759077,48.6468838489,48.7354759077,110450
2014-02-04,48.7059452215,48.7059452215,48.6350715744,48.6665709731,130832
2014-02-05,48.6370402868,48.6764145352,48.6075096006,48.6370402868,167679
2014-02-06,48.6468838489,48.675430179,48.5976660385,48.6665709731,133989
2014-02-07,48.7059452215,48.7551630319,48.6862580973,48.7453194698,91839
2014-02-10,48.7354759077,48.7551630319,48.7060436571,48.7551630319,59641
2014-02-11,48.6961016594,48.7256323456,48.656727411,48.6665709731,397044
2014-02-12,48.7059452215,48.7059452215,48.633102862,48.6862580973,60778
2014-02-13,48.7157887836,48.7453194698,48.6764145352,48.7354759077,253383
2014-02-14,48.7157887836,48.7157887836,48.656727411,48.696200095,79819
2014-02-18,48.7059452215,48.7748501561,48.6961016594,48.7649081584,82441
2014-02-19,48.7453194698,48.7747517205,48.7059452215,48.7256323456,236214
2014-02-20,48.6665709731,48.7058467858,48.6271967247,48.6764145352,135418
2014-02-21,48.6665709731,48.7049608653,48.6537743424,48.6961016594,90405
2014-02-24,48.7157887836,48.7157887836,48.656727411,48.7049608653,102806
2014-02-25,48.7256323456,48.7551630319,48.6770051489,48.7453194698,71459
2014-02-26,48.7453194698,48.7846937182,48.7256323456,48.7846937182,104894
2014-02-27,48.7551630319,48.8043808424,48.7354759077,48.7846937182,110034
2014-02-28,48.7748501561,48.7935529241,48.7256323456,48.7773110466,54942
2014-03-03,48.8535986528,48.8831293391,48.8241664022,48.8831293391,102041
2014-03-04,48.8339115286,48.8339115286,48.765006594,48.7945372803,216785
2014-03-05,48.7846937182,48.8043808424,48.7453194698,48.8043808424,54830
2014-03-06,48.7256323456,48.7965059927,48.7256323456,48.7945372803,57074
2014-03-07,48.7453194698,48.7901076773,48.7357712146,48.765006594,61949
2014-03-10,48.7354759077,48.7846937182,48.7256323456,48.7748501561,51324
2014-03-11,48.7354759077,48.7945372803,48.7354759077,48.7748501561,48549
2014-03-12,48.8142244045,48.8239695309,48.7651050296,48.7945372803,59052
2014-03-13,48.7551630319,48.8240679665,48.7335071953,48.8240679665,74041
2014-03-14,48.8240679665,48.8339115286,48.7669753064,48.8142244045,75356
2014-03-17,48.7453194698,48.7945372803,48.7354759077,48.7551630319,84726
2014-03-18,48.7256323456,48.7748501561,48.7256323456,48.7748501561,64352
2014-03-19,48.7551630319,48.765006594,48.5287611038,48.548448228,105582
2014-03-20,48.5090739797,48.5286626682,48.440169045,48.5189175418,224435
2014-03-21,48.5189175418,48.5582917901,48.4795432934,48.548448228,92061
2014-03-24,48.4893868555,48.5286626682,48.4697981669,48.4834807182,77688
2014-03-25,48.4795432934,48.5287611038,48.4795432934,48.4992304176,83081
2014-03-26,48.5386046659,48.5681353522,48.4992304176,48.5681353522,122476
2014-03-27,48.5386046659,48.5681353522,48.4992304176,48.5582917901,37602
2014-03-28,48.5681353522,48.5681353522,48.50119913,48.548448228,85993
2014-03-31,48.5189175418,48.5779789143,48.5169488293,48.5596698888,75942
2014-04-01,48.5878224764,48.5878224764,48.5386046659,48.5582917901,82980
2014-04-02,48.4893868555,48.5286626682,48.4795432934,48.5189175418,48019
2014-04-03,48.5189175418,48.5277767476,48.4795432934,48.5189175418,122100
2014-04-04,48.5681353522,48.6016034633,48.5297454601,48.5878224764,77228
2014-04-07,48.6370402868,48.6370402868,48.5779789143,48.6025878195,57880
2014-04-08,48.5976660385,48.6163688064,48.5582917901,48.5976660385,48845
2014-04-09,48.5779789143,48.6862580973,48.5586855326,48.6862580973,104253
2014-04-10,48.6961016594,48.7591004568,48.6768082777,48.7157887836,63305
2014-04-11,48.7059452215,48.765006594,48.6961016594,48.7354759077,41058
2014-04-14,48.6862580973,48.7449257273,48.6665709731,48.7157887836,68623
2014-04-15,48.7256323456,48.765006594,48.696200095,48.7551630319,55371
2014-04-16,48.7453194698,48.7744564136,48.7157887836,48.7430554505,361584
2014-04-17,48.7354759077,48.8043808424,48.7059452215,48.7945372803,65178
2014-04-21,48.8831293391,48.8831293391,48.7847921538,48.8437550907,156976
2014-04-22,48.7748501561,48.7945372803,48.7551630319,48.7846937182,104135
2014-04-23,48.8142244045,48.8339115286,48.7749485917,48.8240679665,63457
2014-04-24,48.7846937182,48.8432629126,48.7748501561,48.7945372803,65141
2014-04-25,48.873285777,48.873285777,48.7846937182,48.8142244045,44541
2014-04-28,48.8043808424,48.8142244045,48.7551630319,48.783709362,84691
2014-04-29,48.7748501561,48.7945372803,48.7551630319,48.7846937182,50644
2014-04-30,48.8142244045,48.8535986528,48.7748501561,48.8339115286,105397
2014-05-01,48.8535986528,48.8928744656,48.8339115286,48.873285777,145142
2014-05-02,48.8240679665,48.8926775943,48.8048730205,48.873285777,35540
2014-05-05,48.8929729012,48.9116756691,48.8437550907,48.8634422149,73160
2014-05-06,48.8535986528,48.8731873414,48.8043808424,48.8270210352,85659
2014-05-07,48.8437550907,48.873285777,48.8240679665,48.8723014208,79968
2014-05-08,48.8831293391,48.9225035874,48.8638359574,48.9215192312,47316
2014-05-09,48.9126600254,48.9421907116,48.8831293391,48.9225035874,156429
2014-05-12,48.9323471495,48.9323471495,48.8535986528,48.8929729012,119405
2014-05-13,48.9225035874,48.9323471495,48.8831293391,48.9323471495,65008
2014-05-14,48.9914085221,49.0583447443,48.9894398097,49.0406263325,112547
2014-05-15,49.0406263325,49.089844143,49.0307827704,49.0701570188,126931
2014-05-16,49.1193748292,49.1390619534,49.0800005809,49.0996877051,91214
2014-05-19,49.1193748292,49.1291199557,49.0701570188,49.0800005809,78035
2014-05-20,49.089844143,49.1390619534,49.0701570188,49.1292183913,53522
2014-05-21,49.1292183913,49.1587490776,49.089844143,49.1390619534,84655
2014-05-22,49.089844143,49.1600287407,49.089844143,49.1390619534,109216
2014-05-23,49.2178104501,49.2178104501,49.1587490776,49.198123326,49716
2014-05-27,49.1784362018,49.198123326,49.1390619534,49.1784362018,83798
2014-05-28,49.198123326,49.2473411364,49.1784362018,49.2473411364,94933
2014-05-29,49.2473411364,49.2767733871,49.1882797639,49.2178104501,91854
2014-05-30,49.1882797639,49.198123326,49.1685926397,49.1919218818,78583
2014-06-02,49.1784362018,49.1784362018,49.0987033489,49.1292183913,126414
2014-06-03,49.0996877051,49.1292183913,49.0307827704,49.0603134567,76401
2014-06-04,49.0701570188,49.0897457074,49.0209392083,49.0504698946,72966
2014-06-05,49.0701570188,49.1193748292,49.0416106887,49.0800005809,43804
2014-06-06,49.1292183913,49.1390619534,49.0603134567,49.0800005809,59911
2014-06-09,49.0996877051,49.0996877051,49.0504698946,49.089844143,105538
2014-06-10,49.0701570188,49.089844143,49.0406263325,49.0701570188,111687
2014-06-11,49.0996877051,49.1095312672,49.0603134567,49.0996877051,93778
2014-06-12,49.1390619534,49.1784362018,49.0996877051,49.1685926397,96020
2014-06-13,49.0996877051,49.1193748292,49.0603134567,49.1193748292,75753
2014-06-16,49.1390619534,49.1390619534,49.0612978129,49.1095312672,59489
2014-06-17,49.1095312672,49.1292183913,49.0803943234,49.1095312672,86336
2014-06-18,49.1882797639,49.2473411364,49.1292183913,49.2473411364,345875
2014-06-19,49.2965589469,49.2965589469,49.2109199567,49.2571846985,105354
2014-06-20,49.2079668881,49.3260896331,49.2079668881,49.3260896331,100330
2014-06-23,49.3260896331,49.3260896331,49.2571846985,49.2670282606,88349
2014-06-24,51.3144891753,51.3144891753,49.2419271773,49.316246071,75242
2014-06-25,49.4146816919,49.4146816919,49.2867153848,49.2965589469,125205
2014-06-26,49.2867153848,49.3359331952,49.2867153848,49.3260896331,94878
2014-06-27,49.3260896331,49.3556203194,49.3172304273,49.3556203194,71983
2014-06-30,49.316246071,49.3654638815,49.316246071,49.3359331952,170845
2014-07-01,49.3260896331,49.3358347596,49.2867153848,49.2867153848,86504
2014-07-02,49.2768718227,49.2867153848,49.2375960099,49.2670282606,105546
2014-07-03,49.2473411364,49.2768718227,49.2276540122,49.2768718227,45611
2014-07-07,49.2867153848,49.2960667688,49.2374975743,49.2473411364,116076
2014-07-08,49.2670282606,49.3054181527,49.2375960099,49.2473411364,69548
2014-07-09,49.2276540122,49.2867153848,49.1882797639,49.2473411364,105529
2014-07-10,49.316246071,49.3654638815,49.2473411364,49.2473411364,87577
2014-07-11,49.3260896331,49.3535531714,49.2880934835,49.3001026292,360066
2014-07-14,49.2670282606,49.2863216423,49.2473411364,49.2571846985,78937
2014-07-15,49.2571846985,49.2964605112,49.1784362018,49.2079668881,77514
2014-07-16,49.2079668881,49.2079668881,49.1784362018,49.198123326,70022
2014-07-17,49.2079668881,49.2768718227,49.1882797639,49.2768718227,87525
2014-07-18,49.2571846985,49.2571846985,49.2178104501,49.2276540122,64600
2014-07-21,49.2473411364,49.2670282606,49.2178104501,49.2473411364,83346
2014-07-22,49.2276540122,49.2276540122,49.1784362018,49.2079668881,91462
2014-07-23,49.2079668881,49.2119043129,49.1784362018,49.198123326,50894
2014-07-24,49.1390619534,49.1685926397,49.1292183913,49.1489055155,84529
2014-07-25,49.2079668881,49.2374975743,49.1785346374,49.2276540122,88277
2014-07-28,49.2473411364,49.2571846985,49.1882797639,49.2079668881,144297
2014-07-29,49.2178104501,49.2374975743,49.1882797639,49.2374975743,83880
2014-07-30,49.2079668881,49.2177120145,49.1489055155,49.1784362018,87995
2014-07-31,49.1390619534,49.2079668881,49.1292183913,49.1685926397,452659
2014-08-01,49.2178104501,49.2670282606,49.1685926397,49.2571846985,111909
2014-08-04,49.2473411364,49.2571846985,49.1882797639,49.2178104501,109302
2014-08-05,49.1489055155,49.2276540122,49.1489055155,49.1784362018,186782
2014-08-06,49.2374975743,49.2571846985,49.1882797639,49.2178104501,128298
2014-08-07,49.2178104501,49.2857310286,49.1885750707,49.2670282606,53949
2014-08-08,49.2768718227,49.2866169492,49.2190901132,49.2522629175,86632
2014-08-11,49.2768718227,49.2768718227,49.2112152635,49.2670282606,100996
2014-08-12,49.2670282606,49.2866169492,49.2277524479,49.2473411364,66834
2014-08-13,49.2473411364,49.306402509,49.2473411364,49.306402509,142031
2014-08-14,49.3260896331,49.3456783217,49.2374975743,49.2768718227,107344
2014-08-15,49.2670282606,49.306402509,49.2374975743,49.2571846985,61001
2014-08-18,49.2473411364,49.256790956,49.1784362018,49.2178104501,151209
2014-08-19,49.2276540122,49.2473411364,49.1489055155,49.1784362018,118425
2014-08-20,49.1685926397,49.1882797639,49.0800005809,49.0800005809,100173
2014-08-21,49.1095312672,49.1390619534,49.0800005809,49.1193748292,75642
2014-08-22,49.1292183913,49.1567803652,49.0507652015,49.089844143,73293
2014-08-25,49.0701570188,49.089844143,49.0406263325,49.0701570188,87451
2014-08-26,49.0701570188,49.1095312672,49.0504698946,49.089844143,102840
2014-08-27,49.1193748292,49.1292183913,49.0826583427,49.1095312672,91534
2014-08-28,49.1587490776,49.1587490776,49.089844143,49.1095312672,69818
2014-08-29,49.089844143,49.1457555756,49.089844143,49.1292183913,49490
2014-09-02,49.0701570188,49.0996877051,49.0209392083,49.0307827704,88615
2014-09-03,48.9914085221,49.0701570188,48.9914085221,49.0307827704,242686
2014-09-04,49.0603134567,49.0839380057,49.0110956463,49.0307827704,69110
2014-09-05,49.0603134567,49.0897457074,49.0012520842,49.0110956463,71269
2014-09-08,49.0110956463,49.0278297018,48.9323471495,48.9323471495,120134
2014-09-09,48.8929729012,48.9225035874,48.873285777,48.8929729012,112633
2014-09-10,48.8339115286,48.8535986528,48.8043808424,48.8043808424,80668
2014-09-11,48.8634422149,48.8928744656,48.8143228401,48.8535986528,95584
2014-09-12,48.8240679665,48.8731873414,48.8043808424,48.8535986528,111551
2014-09-15,48.8240679665,48.873285777,48.8240679665,48.8437550907,94940
2014-09-16,48.8437550907,48.9028164633,48.8437550907,48.8831293391,305029
2014-09-17,48.8240679665,48.8535986528,48.6370402868,48.6764145352,127305
2014-09-18,48.656727411,48.7353774721,48.5976660385,48.6370402868,92626
2014-09-19,48.5681353522,48.6468838489,48.5681353522,48.6370402868,105117
2014-09-22,48.6370402868,48.6467854133,48.5779789143,48.6173531627,68133
2014-09-23,48.6370402868,48.6764145352,48.6118407679,48.6764145352,65996
2014-09-24,48.6862580973,48.7248448607,48.6468838489,48.6468838489,92579
2014-09-25,48.7157887836,48.7354759077,48.6765129708,48.7256323456,94928
2014-09-26,48.6764145352,48.6764145352,48.6271967247,48.656727411,66174
2014-09-29,48.6370402868,48.7045671228,48.6370402868,48.6468838489,113623
2014-09-30,48.6271967247,48.6949204319,48.5976660385,48.5976660385,162124
2014-10-01,48.6961016594,48.765006594,48.6587945591,48.7354759077,83786
2014-10-02,48.7059452215,48.7649081584,48.6764145352,48.6862580973,93689
2014-10-03,48.6075096006,48.6764145352,48.5779789143,48.5779789143,125817
2014-10-06,48.5976660385,48.656727411,48.5779789143,48.6271967247,82689
2014-10-07,48.656727411,48.7157887836,48.6370402868,48.6862580973,70852
2014-10-08,48.6665709731,48.8437550907,48.6571211535,48.8437550907,521069
2014-10-09,48.8535986528,48.864721878,48.765006594,48.765006594,97910
2014-10-10,48.7748501561,48.8043808424,48.7355743434,48.7845952826,80697
2014-10-13,48.8339115286,48.8535986528,48.7738657999,48.7748501561,104533
2014-10-14,48.7551630319,48.7748501561,48.7256323456,48.7256323456,92180
2014-10-15,48.8535986528,49.0012520842,48.6665709731,48.7551630319,116952
2014-10-16,48.7354759077,48.7748501561,48.6666694087,48.7551630319,138867
2014-10-17,48.6961016594,48.765006594,48.6764145352,48.7453194698,107707
2014-10-20,48.7354759077,48.7846937182,48.7158872192,48.7460085192,120882
2014-10-21,48.7354759077,48.765006594,48.7060436571,48.7551630319,70977
2014-10-22,48.7846937182,48.7846937182,48.7059452215,48.7453194698,218101
2014-10-23,48.7059452215,48.7156903479,48.6665709731,48.6764145352,288314
2014-10-24,48.6665709731,48.7059452215,48.6271967247,48.6862580973,177330
2014-10-27,48.6961016594,48.6961016594,48.6370402868,48.6764145352,97358
2014-10-28,48.6271967247,48.7059452215,48.6271967247,48.6764145352,93182
2014-10-29,48.656727411,48.7276010581,48.5583902257,48.6163688064,69318
2014-10-30,48.5976660385,48.6566289754,48.5523856529,48.5976660385,87492
2014-10-31,48.6665709731,48.6764145352,48.6075096006,48.6370402868,73030
2014-11-03,48.7059452215,48.7059452215,48.5779789143,48.6232592999,92631
2014-11-04,48.6075096006,48.6370402868,48.5779789143,48.5878224764,91206
2014-11-05,48.5681353522,48.675430179,48.548448228,48.6271967247,92246
2014-11-06,48.5878224764,48.6467854133,48.5681353522,48.6271967247,51668
2014-11-07,48.6764145352,48.7305541267,48.6764145352,48.7157887836,87201
2014-11-10,48.7256323456,48.7453194698,48.6371387225,48.656727411,84219
2014-11-11,48.6370402868,48.7157887836,48.6272951604,48.7059452215,98739
2014-11-12,48.656727411,48.7059452215,48.6271967247,48.6271967247,159106
2014-11-13,48.6370402868,48.6951173032,48.6134157378,48.6271967247,72036
2014-11-14,48.5878224764,48.68035196,48.5779789143,48.656727411,84530
2014-11-17,48.6468838489,48.6468838489,48.5779789143,48.5897911888,71940
2014-11-18,48.6173531627,48.6370402868,48.5779789143,48.6173531627,101616
2014-11-19,48.5681353522,48.6075096006,48.524823679,48.5386046659,87879
2014-11-20,48.5976660385,48.6035721757,48.548448228,48.5878224764,107530
2014-11-21,48.6370402868,48.656727411,48.6075096006,48.6370402868,116426
2014-11-24,48.6173531627,48.6764145352,48.6075096006,48.6370402868,206219
2014-11-25,48.6173531627,48.644521394,48.5789632705,48.6075096006,171571
2014-11-26,48.5582917901,48.6173531627,48.5582917901,48.6173531627,91102
2014-11-28,48.5287611038,48.5582917901,48.4696997313,48.5582917901,34355
2014-12-01,48.5582917901,48.5582917901,48.4795432934,48.5258080352,93047
2014-12-02,48.4500126071,48.508975544,48.4007947967,48.4276677212,75049
2014-12-03,48.3811076725,48.4086696463,48.3555144111,48.3909512346,121890
2014-12-04,48.3909512346,48.4143789124,48.3614205483,48.4106383588,62970
2014-12-05,48.3220463,48.3491160957,48.2039235549,48.2531413653,96372
2014-12-08,48.2039235549,48.2334542411,48.1547057444,48.213767117,129650
2014-12-09,48.1940799928,48.2799158542,48.1940799928,48.2236106791,141828
2014-12-10,48.2236106791,48.2728284895,48.1842364307,48.2629849274,197060
2014-12-11,48.1940799928,48.2334542411,48.1350186202,48.1547057444,198077
2014-12-12,48.105487934,48.1637618215,48.0692636255,48.1350186202,147466
2014-12-15,48.0365829993,48.105487934,47.997208751,47.997208751,101290
2014-12-16,48.0168958752,48.0955459363,48.0070523131,48.0464265614,99187
2014-12-17,48.0562701235,48.1251750582,47.9283038164,47.9676780647,635031
2014-12-18,47.9533154776,47.9731637042,47.8739225712,47.9036949111,147402
2014-12-19,47.933467251,47.9811029949,47.8937707978,47.9136190244,210235
2014-12-22,47.933467251,47.9731637042,47.9136190244,47.9632395909,492160
2014-12-23,47.9036949111,47.9473610097,47.8540743446,47.8540743446,227648
2014-12-24,47.8441502313,47.8540743446,47.7746814382,47.8307526784,116660
2014-12-26,47.7846055515,47.8739225712,47.7746814382,47.7746814382,162621
2014-12-29,47.5861232854,47.9036949111,47.4508576211,47.8540743446,1376374
2014-12-30,47.8540743446,47.9136190244,47.7746814382,47.7746814382,381837
2014-12-31,47.8143778914,47.933467251,47.8044537781,47.8739225712,195544
2015-01-02,47.9036949111,48.0226850296,47.8441502313,47.9632395909,96008
2015-01-05,47.933467251,47.9715758461,47.8639984579,47.9136190244,146466
2015-01-06,47.8441502313,47.9136190244,47.8044537781,47.8044537781,231510
2015-01-07,47.8243020047,47.8838466845,47.7846055515,47.8838466845,339084
2015-01-08,47.8838466845,47.9433913643,47.8838466845,47.9433913643,179885
2015-01-09,47.9235431377,47.9930119308,47.8838466845,47.9830878175,124193
2015-01-12,47.9632395909,48.002836803,47.9235431377,47.9533154776,198588
2015-01-13,47.8838466845,47.9533154776,47.8838466845,47.9533154776,98073
2015-01-14,47.9830878175,48.0708169791,47.9136190244,48.0327083841,197968
2015-01-15,48.1121012905,48.2014183102,48.0824281917,48.2014183102,281298
2015-01-16,48.1220254038,48.1815700836,48.0823289506,48.0823289506,1970372
2015-01-20,48.1121012905,48.1418736304,48.062480724,48.1021771772,301189
2015-01-21,48.0525566107,48.1418736304,48.0327083841,48.0724048373,232269
2015-01-22,48.0823289506,48.1417743893,47.993111172,48.062480724,782785
2015-01-23,48.0327083841,48.161721857,48.0327083841,48.161721857,204495
2015-01-26,48.1517977437,48.1517977437,48.0823289506,48.1517977437,340361
2015-01-27,48.2311906501,48.2411147634,48.1418736304,48.2311906501,156554
2015-01-28,48.2014183102,48.26096299,48.1517977437,48.2411147634,126645
2015-01-29,48.2014183102,48.2411147634,48.1716459703,48.2212665368,105970
2015-01-30,48.3304317831,48.3711206477,48.2412140045,48.360204123,405408
2015-02-02,48.3502800097,48.4098246896,48.3105835565,48.3899764629,118631
2015-02-03,48.3899764629,48.4495211428,48.3330120526,48.3999005763,164265
2015-02-04,48.3800523496,48.3999005763,48.3007586844,48.3899764629,247075
2015-02-05,48.3899764629,48.3899764629,48.3304317831,48.3304317831,212238
2015-02-06,48.2411147634,48.2907353299,48.1319495171,48.1716459703,191153
2015-02-09,48.1914941969,48.1984410762,48.1220254038,48.1398888077,84709
2015-02-10,48.1319495171,48.1516985026,48.0327083841,48.0823289506,161479
2015-02-11,48.0227842708,48.0922530639,47.9830878175,48.0525566107,155355
2015-02-12,48.0823289506,48.328843925,48.0128601575,48.0724048373,99482
2015-02-13,48.062480724,48.0724048373,48.0128601575,48.0426324974,139658
2015-02-17,48.4098246896,48.4098246896,47.9036949111,47.9632395909,191188
2015-02-18,47.9830878175,48.0822297094,47.933467251,48.0426324974,134621
2015-02-19,47.9731637042,48.0227842708,47.9136190244,47.9632395909,173211
2015-02-20,48.0426324974,48.0823289506,47.9433913643,47.9830878175,203372
2015-02-23,48.0128601575,48.0128601575,47.9533154776,47.9930119308,180875
2015-02-24,47.9731637042,48.062480724,47.933467251,48.062480724,216113
2015-02-25,48.0426324974,48.1021771772,47.9930119308,48.062480724,196213
2015-02-26,48.1517977437,48.1814708425,48.0724048373,48.1121012905,137838
2015-02-27,48.1418736304,48.2708871033,48.1319495171,48.26096299,243081
2015-03-02,48.26096299,48.2708871033,48.1022764183,48.1220254038,180041
2015-03-03,48.1517977437,48.1880207572,48.1221246449,48.1716459703,132123
2015-03-04,48.161721857,48.1895093742,48.1269874604,48.1815700836,121181
2015-03-05,48.1716459703,48.1913949558,48.0823289506,48.1021771772,118936
2015-03-06,48.0327083841,48.0426324974,47.9533154776,47.9533154776,127005
2015-03-09,48.0029360442,48.0127609163,47.9533154776,47.9632395909,108110
2015-03-10,47.9433913643,47.9730644631,47.8839459257,47.9136190244,218208
2015-03-11,47.9433913643,47.9830878175,47.8848390959,47.933467251,204576
2015-03-12,47.9731637042,48.1117043259,47.8987328545,47.9136190244,125003
2015-03-13,47.8639984579,47.8838466845,47.834226118,47.834226118,119547
2015-03-16,47.8540743446,47.8838466845,47.7613831264,47.7945296648,133279
2015-03-17,47.734984985,47.7925448421,47.6952885318,47.7250608717,117857
2015-03-18,47.7548332116,48.0922530639,47.6853644185,48.062480724,152183
2015-03-19,47.9930119308,48.0029360442,47.9036949111,47.9930119308,152937
2015-03-20,47.9731637042,48.0524573695,47.9632395909,47.9930119308,128878
2015-03-23,48.0227842708,48.0227842708,47.9830878175,48.0128601575,145783
2015-03-24,48.0724048373,48.0922530639,47.993111172,48.0922530639,121393
2015-03-25,48.1021771772,48.1319495171,48.0525566107,48.1121012905,135356
2015-03-26,48.1319495171,48.1686687363,48.0331053486,48.0922530639,127984
2015-03-27,48.0724048373,48.1219261626,48.0327083841,48.0327083841,127741
2015-03-30,48.062480724,48.062480724,47.9830878175,48.0327083841,100118
2015-03-31,48.0327083841,48.1121012905,47.9930119308,48.0922530639,158652
2015-04-01,48.1517977437,48.2311906501,48.1022764183,48.1914941969,140871
2015-04-02,48.1914941969,48.2113424235,48.1418736304,48.2014183102,96327
2015-04-06,48.2907353299,48.360204123,48.2709863445,48.3205076698,99947
2015-04-07,48.3105835565,48.3368824568,48.2411147634,48.26096299,306016
2015-04-08,48.2708871033,48.2906360888,48.1815700836,48.2510388767,110916
2015-04-09,48.26096299,48.2808112166,48.1517977437,48.2113424235,125657
2015-04-10,48.1716459703,48.2112431824,48.1418736304,48.1815700836,115529
2015-04-13,48.1815700836,48.2224574304,48.161721857,48.2212665368,210473
2015-04-14,48.2708871033,48.2816051457,48.2113424235,48.2411147634,382245
2015-04-15,48.2808112166,48.3502800097,48.2808112166,48.3205076698,294705
2015-04-16,48.3403558964,48.3800523496,48.281803628,48.360204123,74135
2015-04-17,48.4594452561,48.4792934827,48.3702274775,48.4594452561,112044
2015-04-20,48.4693693694,48.4792934827,48.4098246896,48.4495211428,132275
2015-04-21,48.360204123,48.4197488029,48.3205076698,48.3403558964,2345269
2015-04-22,48.360204123,48.3701282363,48.3105835565,48.3502800097,227253
2015-04-23,48.3999005763,48.4395970295,48.3552420664,48.3899764629,268249
2015-04-24,48.4495211428,48.4792934827,48.4197488029,48.4594452561,94561
2015-04-27,48.4594452561,48.4792934827,48.4296729162,48.4594452561,99193
2015-04-28,48.4296729162,48.4421772989,48.3899764629,48.4098246896,133481
2015-04-29,48.3800523496,48.3999005763,48.3105835565,48.360204123,130976
2015-04-30,48.3800523496,48.4197488029,48.3403558964,48.4147867462,135137
2015-05-01,48.3701282363,48.4177639802,48.3304317831,48.3403558964,100008
2015-05-04,48.3403558964,48.3701282363,48.2907353299,48.3205076698,140506
2015-05-05,48.3800523496,48.3800523496,48.3006594432,48.3502800097,186097
2015-05-06,48.3502800097,48.3502800097,48.2510388767,48.2808112166,186918
2015-05-07,48.2708871033,48.3036366772,48.2114416646,48.2510388767,164168
2015-05-08,48.3502800097,48.378067527,48.2907353299,48.3502800097,73395
2015-05-11,48.2907353299,48.3165380245,48.2113424235,48.2113424235,107194
2015-05-12,48.2510388767,48.2808112166,48.2121363526,48.2708871033,134577
2015-05-13,48.3105835565,48.3701282363,48.2708871033,48.3006594432,140572
2015-05-14,48.3403558964,48.360204123,48.3106827977,48.3502800097,154267
2015-05-15,48.3502800097,48.4098246896,48.3404551376,48.3999005763,137593
2015-05-18,48.3701282363,48.3999005763,48.3304317831,48.3403558964,108529
2015-05-19,48.2708871033,48.2907353299,48.2311906501,48.2411147634,158950
2015-05-20,48.2808112166,48.3501807686,48.2312898912,48.2907353299,159457
2015-05-21,48.3403558964,48.3701282363,48.3007586844,48.360204123,112553
2015-05-22,48.3899764629,48.3999005763,48.3304317831,48.3999005763,86723
2015-05-26,48.2808112166,48.3999005763,48.2808112166,48.3403558964,161686
2015-05-27,48.3006594432,48.3105835565,48.2311906501,48.2708871033,91911
2015-05-28,48.2708871033,48.2808112166,48.2311906501,48.2798188053,109985
2015-05-29,48.2907353299,48.3899764629,48.2808112166,48.3800523496,118034
2015-06-01,48.360204123,48.360204123,48.2699939331,48.2808112166,93686
2015-06-02,48.2708871033,48.2808112166,48.2411147634,48.2510388767,73323
2015-06-03,48.2411147634,48.2510388767,48.1914941969,48.2311906501,157062
2015-06-04,48.1914941969,48.2808112166,48.1838526297,48.2212665368,142054
2015-06-05,48.1319495171,48.2014183102,48.0823289506,48.1716459703,169624
2015-06-08,48.1815700836,48.2410155223,48.1717452114,48.1914941969,153851
2015-06-09,48.2212665368,48.26096299,48.1815700836,48.2113424235,168051
2015-06-10,48.2014183102,48.2756506777,48.1716459703,48.1716459703,140656
2015-06-11,48.2212665368,48.2410155223,48.1716459703,48.2113424235,177447
2015-06-12,48.161721857,48.2708871033,48.1524924316,48.2014183102,620698
2015-06-15,48.2907353299,48.3105835565,48.2212665368,48.2708871033,162145
2015-06-16,48.2510388767,48.3502800097,48.2311906501,48.3105835565,120717
2015-06-17,48.3403558964,48.4197488029,48.2411147634,48.4098246896,160758
2015-06-18,48.3999005763,48.4097254484,48.3241795918,48.3502800097,465724
2015-06-19,48.3899764629,48.4098246896,48.3304317831,48.3800523496,406074
2015-06-22,48.3006594432,48.3799531085,48.2808112166,48.2907353299,112378
2015-06-23,48.2311906501,48.330332542,48.2311906501,48.3006594432,96805
2015-06-24,48.2808112166,48.3403558964,48.2709863445,48.3304317831,133138
2015-06-25,48.2907353299,48.3105835565,48.26096299,48.2907353299,108154
2015-06-26,48.26096299,48.3005602021,48.2311906501,48.2311906501,104637
2015-06-29,48.2510388767,48.3304317831,48.2510388767,48.3106827977,183541
2015-06-30,48.3205076698,48.3800523496,48.2880558193,48.3105835565,195478
2015-07-01,48.3105835565,48.3304317831,48.26096299,48.2708871033,207316
2015-07-02,48.3304317831,48.4098246896,48.3304317831,48.3502800097,138801
2015-07-06,48.3701282363,48.4097254484,48.3304317831,48.3701282363,131537
2015-07-07,48.3899764629,48.4197488029,48.3321188824,48.3701282363,138768
2015-07-08,48.3502800097,48.3998013351,48.3404551376,48.3899764629,129033
2015-07-09,48.3502800097,48.3899764629,48.3304317831,48.3304317831,135735
2015-07-10,48.3304317831,48.3800523496,48.26096299,48.3304317831,280584
2015-07-13,48.2708871033,48.3204084287,48.206479608,48.2212665368,766179
2015-07-14,48.2808112166,48.3204084287,48.2202741255,48.2708871033,83812
2015-07-15,48.2510388767,48.3006594432,48.2212665368,48.2411147634,355699
2015-07-16,48.2113424235,48.2807119755,48.2113424235,48.2311906501,101833
2015-07-17,48.2411147634,48.2907353299,48.2213657779,48.2708871033,291984
2015-07-20,48.2113424235,48.2341678841,48.1419728715,48.2113424235,101488
2015-07-21,48.161721857,48.2608637489,48.1319495171,48.1914941969,122482
2015-07-22,48.2510388767,48.2906360888,48.1816693247,48.2411147634,70323
2015-07-23,48.161721857,48.2311906501,48.161721857,48.2212665368,73627
2015-07-24,48.2311906501,48.2608637489,48.1418736304,48.2014183102,62491
2015-07-27,48.1815700836,48.2212665368,48.1418736304,48.1716459703,154926
2015-07-28,48.161721857,48.2014183102,48.1319495171,48.1418736304,108002
2015-07-29,48.1319495171,48.2955981454,48.1121012905,48.1914941969,588072
2015-07-30,48.2014183102,48.2212665368,48.1361176447,48.1914941969,99739
2015-07-31,48.1815700836,48.2510388767,48.1716459703,48.2311906501,108930
2015-08-03,48.1914941969,48.2113424235,48.1319495171,48.1418736304,118552
2015-08-04,48.1319495171,48.1715467292,48.0237766821,48.0426324974,134019
2015-08-05,48.0823289506,48.102077936,47.9930119308,48.0128601575,116698
2015-08-06,48.0128601575,48.0426324974,47.9830878175,48.0426324974,77773
2015-08-07,48.0029360442,48.0327083841,47.9732629454,47.9830878175,346232
2015-08-10,48.0327083841,48.0426324974,47.9831870587,48.0327083841,78991
2015-08-11,48.1021771772,48.1219261626,48.0427317385,48.062480724,283688
2015-08-12,48.1418736304,48.1716459703,48.0426324974,48.0724048373,149046
2015-08-13,47.9830878175,48.0326091429,47.9731637042,47.9830878175,107790
2015-08-14,48.0128601575,48.1220254038,47.9433913643,47.9930119308,104647
2015-08-17,48.0227842708,48.0623814828,47.933467251,47.933467251,412396
2015-08-18,47.9433913643,47.9731637042,47.9036949111,47.933467251,94181
2015-08-19,47.8838466845,47.9632395909,47.8143778914,47.9136190244,119213
2015-08-20,47.8838466845,47.9632395909,47.8441502313,47.9632395909,138269
2015-08-21,47.933467251,47.9830878175,47.8672734153,47.933467251,167963
2015-08-24,47.9235431377,47.9730644631,47.8540743446,47.8739225712,212870
2015-08-25,47.8739225712,47.9632395909,47.8441502313,47.8937707978,502243
2015-08-26,47.8639984579,47.9631403498,47.8441502313,47.8540743446,188324
2015-08-27,47.933467251,47.9730644631,47.8649908692,47.9136190244,179166
2015-08-28,47.9632395909,48.062480724,47.9632395909,47.9731637042,450603
2015-08-31,47.9731637042,48.0808403336,47.9533154776,48.0426324974,81606
2015-09-01,48.0029360442,48.0823289506,47.9830878175,48.0227842708,241673
2015-09-02,48.0227842708,48.0485869653,47.933467251,47.9731637042,1656868
2015-09-03,47.9731637042,48.0525566107,47.9731637042,47.9731637042,156214
2015-09-04,48.0029360442,48.0133563631,47.933467251,47.9632395909,99015
2015-09-08,47.9433913643,47.9632395909,47.9036949111,47.9433913643,159113
2015-09-09,47.933467251,47.9730644631,47.8839459257,47.9433913643,116719
2015-09-10,47.9136190244,47.9830878175,47.9136190244,47.9830878175,94285
2015-09-11,47.9731637042,48.0128601575,47.9533154776,47.9830878175,82213
2015-09-14,47.9830878175,48.0226850296,47.933467251,47.9830878175,100646
2015-09-15,47.933467251,47.9781257609,47.8481198766,47.8937707978,85471
2015-09-16,47.8739225712,47.9730644631,47.8541735857,47.9136190244,107106
2015-09-17,47.8739225712,48.0903674823,47.8639984579,48.0823289506,94786
2015-09-18,48.0823289506,48.1021771772,48.0228835119,48.0525566107,99931
2015-09-21,48.0128601575,48.0525566107,47.9830878175,48.0128601575,128548
2015-09-22,47.9830878175,48.0788555109,47.9632395909,48.062480724,171586
2015-09-23,48.0029360442,48.062480724,47.9930119308,48.0426324974,286897
2015-09-24,48.062480724,48.0823289506,47.9731637042,48.0029360442,124243
2015-09-25,47.9731637042,48.002836803,47.9136190244,47.9235431377,130944
2015-09-28,47.8838466845,47.9533154776,47.8441502313,47.8639984579,101823
2015-09-29,47.9533154776,47.9929126897,47.9037941523,47.9682016476,95201
2015-09-30,47.9731637042,48.0525566107,47.9335664922,48.0128601575,266973
2015-10-01,48.0426324974,48.1121012905,47.8868239185,48.0823289506,157721
2015-10-02,48.1517977437,48.2113424235,48.1122005316,48.1815700836,136691
2015-10-05,48.1815700836,48.2113424235,48.1418736304,48.1418736304,57787
2015-10-06,48.2014183102,48.2707878622,48.161721857,48.2510388767,67242
2015-10-07,48.1914941969,48.2509396356,48.161721857,48.2311906501,70401
2015-10-08,48.2311906501,48.2808112166,48.1816693247,48.2510388767,81273
2015-10-09,48.2311906501,48.2808112166,48.1639051619,48.2113424235,99657
2015-10-12,48.2113424235,48.26096299,48.1618210981,48.26096299,409498
2015-10-13,48.1121012905,48.2113424235,48.1121012905,48.2113424235,372091
2015-10-14,48.1517977437,48.2311906501,48.1418736304,48.2113424235,113548
2015-10-15,48.1914941969,48.2212665368,48.1418736304,48.1914941969,155855
2015-10-16,48.1319495171,48.1914941969,48.1121012905,48.1914941969,193938
2015-10-19,48.0922530639,48.2113424235,48.0823289506,48.1220254038,278744
2015-10-20,48.0922530639,48.1517977437,48.0427317385,48.0724048373,156186
2015-10-21,48.1121012905,48.1716459703,48.0823289506,48.1121012905,222704
2015-10-22,48.0922530639,48.161721857,48.0824281917,48.1121012905,200585
2015-10-23,48.1418736304,48.2004258989,48.0922530639,48.1319495171,143534
2015-10-26,48.0922530639,48.155767389,48.0824281917,48.1418736304,150207
2015-10-27,48.1121012905,48.1914941969,48.1021771772,48.1418736304,244265
2015-10-28,48.1021771772,48.1555689067,48.0029360442,48.062480724,423701
2015-10-29,48.0029360442,48.062480724,47.9830878175,48.0426324974,192157
2015-10-30,48.0327083841,48.0823289506,48.0030352853,48.0525566107,84960
2015-11-02,47.9731637042,48.0426324974,47.9731637042,48.0426324974,167271
2015-11-03,48.0128601575,48.0922530639,47.9930119308,48.0823289506,295748
2015-11-04,48.062480724,48.0823289506,47.933467251,47.9930119308,249827
2015-11-05,47.9433913643,47.9930119308,47.9136190244,47.9731637042,139826
2015-11-06,47.8739225712,47.9076645564,47.8243020047,47.8739225712,198478
2015-11-09,47.8441502313,47.933467251,47.8441502313,47.9136190244,152404
2015-11-10,47.9136190244,47.9533154776,47.8739225712,47.9036949111,285524
2015-11-11,47.9136190244,47.933467251,47.8540743446,47.9136190244,107358
2015-11-12,47.8441502313,47.9135197833,47.834226118,47.8739225712,180802
2015-11-13,47.9930119308,47.9930119308,47.8441502313,47.8739225712,313011
2015-11-16,47.8739225712,47.8950609326,47.8441502313,47.8441502313,111987
2015-11-17,47.8937707978,47.9076645564,47.8441502313,47.8739225712,210127
2015-11-18,47.8540743446,47.9235431377,47.8442494724,47.8540743446,217327
2015-11-19,47.8739225712,47.933467251,47.8540743446,47.933467251,177516
2015-11-20,47.8937707978,47.9930119308,47.8838466845,47.9930119308,174736
2015-11-23,47.9036949111,47.9632395909,47.8937707978,47.9533154776,245844
2015-11-24,47.9533154776,48.0227842708,47.9335664922,48.0227842708,200441
2015-11-25,47.9632395909,48.0227842708,47.933467251,47.9830878175,205419
2015-11-27,48.0327083841,48.0426324974,47.9632395909,48.0029360442,106776
2015-11-30,47.9830878175,47.9930119308,47.9136190244,47.9632395909,906510
2015-12-01,47.9433913643,48.0327083841,47.9433913643,48.0327083841,240517
2015-12-02,47.9235431377,47.9930119308,47.9137182656,47.9830878175,214914
2015-12-03,47.9533154776,47.9830878175,47.8838466845,47.9433913643,336024
2015-12-04,47.9632395909,48.0029360442,47.8937707978,47.9235431377,177697
2015-12-07,47.8838466845,47.9235431377,47.8541735857,47.9036949111,325827
2015-12-08,47.8739225712,47.8937707978,47.834226118,47.8838466845,141878
2015-12-09,47.8739225712,47.9136190244,47.834226118,47.8739225712,234748
2015-12-10,47.834226118,47.8739225712,47.7746814382,47.8044537781,274134
2015-12-11,47.8739225712,47.9036949111,47.8143778914,47.8937707978,199097
2015-12-14,47.7746814382,47.8638992168,47.734984985,47.7846055515,238500
2015-12-15,47.7548332116,47.8243020047,47.734984985,47.7945296648,400548
2015-12-16,47.7449090983,47.9161000528,47.6853644185,47.7250608717,504851
2015-12-17,47.6952885318,47.7746814382,47.6853644185,47.7647573249,431616
2015-12-18,47.7548332116,47.834226118,47.7250608717,47.8243020047,344387
2015-12-21,47.7846055515,47.802071990900004,47.734984985,47.734984985,369056
2015-12-22,47.7250608717,47.7992932392,47.7181139924,47.7746814382,504181
2015-12-23,47.7746814382,47.8243020047,47.734984985,47.7746814382,260428
2015-12-24,47.7548332116,47.8243020047,47.7548332116,47.7945296648,122917
2015-12-28,47.8243020047,47.8441502313,47.7548332116,47.834226118,260009
2015-12-29,47.7846055515,47.834226118,47.720098815,47.7746814382,353953
2015-12-30,47.6952885318,47.8391881747,47.6952885318,47.834226118,447876
2015-12-31,47.7945296648,48.0872910072,47.7945296648,47.9830878175,703422
2016-01-04,47.9930119308,48.0227842708,47.8639984579,47.8937707978,297235
2016-01-05,47.8937707978,47.9801105836,47.8441502313,47.8639984579,354668
2016-01-06,47.8937707978,47.9136190244,47.834226118,47.8639984579,163532
2016-01-07,47.9136190244,47.933467251,47.8639984579,47.9036949111,139829
2016-01-08,47.9433913643,47.9731637042,47.8640976991,47.9632395909,142858
2016-01-11,47.9235431377,47.9533154776,47.8540743446,47.8838466845,163713
2016-01-12,47.9235431377,47.9730644631,47.8838466845,47.9136190244,471158
2016-01-13,47.9036949111,47.9632395909,47.8741210535,47.8838466845,823960
2016-01-14,47.9533154776,47.9631403498,47.8838466845,47.9136190244,169337
2016-01-15,47.9731637042,47.9830878175,47.8646931458,47.8739225712,187556
2016-01-19,47.933467251,47.9433913643,47.8639984579,47.8639984579,396268
2016-01-20,47.9136190244,47.9533154776,47.8739225712,47.8739225712,270390
2016-01-21,47.933467251,47.9533154776,47.8441502313,47.8540743446,1175828
2016-01-22,47.8243020047,47.9433913643,47.8044537781,47.9235431377,170439
2016-01-25,47.933467251,47.933467251,47.8639984579,47.933467251,238263
2016-01-26,47.9533154776,47.9830878175,47.8937707978,47.9235431377,191239
2016-01-27,47.9036949111,48.0207994481,47.8937707978,48.0128601575,132840
2016-01-28,48.0327083841,48.062480724,47.9830878175,48.0327083841,179170
2016-01-29,48.1021771772,48.1309571058,48.0525566107,48.1220254038,185828
2016-02-01,48.0525566107,48.0872910072,47.993111172,48.0128601575,256483
2016-02-02,48.0525566107,48.0823289506,48.0227842708,48.062480724,148213
2016-02-03,48.0327083841,48.161721857,48.0227842708,48.062480724,245996
2016-02-04,48.1021771772,48.1319495171,48.0526558518,48.0922530639,175550
2016-02-05,48.0327083841,48.0724048373,47.9930119308,48.0327083841,300339
2016-02-08,48.0029360442,48.0525566107,47.9433913643,47.9533154776,162884
2016-02-09,47.9533154776,47.9989663988,47.8838466845,47.8838466845,207725
2016-02-10,47.8937707978,47.9632395909,47.8541735857,47.9136190244,730542
2016-02-11,47.9533154776,48.0227842708,47.9136190244,47.9830878175,223981
2016-02-12,47.9930119308,48.0029360442,47.933467251,47.9731637042,283986
2016-02-16,47.9731637042,48.0277463274,47.8739225712,47.8739225712,274289
2016-02-17,47.8937707978,47.9433913643,47.8740218124,47.9036949111,154961
2016-02-18,47.9433913643,48.002836803,47.9037941523,47.9731637042,148556
2016-02-19,47.9830878175,48.0227842708,47.9036949111,47.9533154776,169580
2016-02-22,47.9731637042,48.0426324974,47.9433913643,48.0227842708,217256
2016-02-23,47.9731637042,48.0724048373,47.9731637042,48.0426324974,206712
2016-02-24,48.0922530639,48.161721857,48.0327083841,48.1319495171,157654
2016-02-25,48.161721857,48.2212665368,48.1121012905,48.2014183102,115571
2016-02-26,48.1418736304,48.1815700836,48.1220254038,48.1716459703,209292
2016-02-29,48.161721857,48.2212665368,48.1319495171,48.1815700836,141181
2016-03-01,48.2014183102,48.2212665368,48.1319495171,48.2014183102,210303
2016-03-02,48.1418736304,48.2113424235,48.1220254038,48.2113424235,423982
2016-03-03,48.2212665368,48.2708871033,48.1914941969,48.26096299,317930
2016-03-04,48.2708871033,48.2907353299,48.1716459703,48.2311906501,158946
2016-03-07,48.2014183102,48.2311906501,48.1319495171,48.2113424235,353987
2016-03-08,48.2113424235,48.2808112166,48.1815700836,48.2311906501,171924
2016-03-09,48.2510388767,48.2808112166,48.2311906501,48.2808112166,162253
2016-03-10,48.3006594432,48.3006594432,48.161721857,48.1716459703,425608
2016-03-11,48.1716459703,48.2311906501,48.161721857,48.1914941969,206788
2016-03-14,48.2212665368,48.2478631605,48.1716459703,48.1716459703,166235
2016-03-15,48.2014183102,48.2112431824,48.1220254038,48.1220254038,228212
2016-03-16,48.1914941969,48.4098246896,48.161721857,48.3800523496,233879
2016-03-17,48.4395970295,48.5188906947,48.4048626329,48.4395970295,204439
2016-03-18,48.5388381625,48.6082077145,48.4837593337,48.5388381625,123206
2016-03-21,48.4594452561,48.5686105024,48.4594452561,48.5289140492,327198
2016-03-22,48.5090658226,48.558686389100004,48.4396962706,48.4792934827,142717
2016-03-23,48.4395970295,48.5110506452,48.4395970295,48.4792934827,290589
2016-03-24,48.4098246896,48.5189899359,48.3800523496,48.4594452561,289473
2016-03-28,48.3999005763,48.4545824405,48.3433331304,48.4395970295,176749
2016-03-29,48.4594452561,48.6281551822,48.4395970295,48.6083069556,263140
2016-03-30,48.6579275221,48.7273963152,48.6281551822,48.6777757487,184487
2016-03-31,48.7472445418,48.7770168817,48.6777757487,48.7571686551,307455
2016-04-01,48.6678516354,48.7539929389,48.6281551822,48.6777757487,262920
2016-04-04,48.7174722019,48.7272970741,48.6430413522,48.6529654655,442602
2016-04-05,48.6976239753,48.7075480886,48.6281551822,48.6678516354,101196
2016-04-06,48.6678516354,48.6777757487,48.6083069556,48.6480034088,127918
2016-04-07,48.6579275221,48.7372211874,48.6579275221,48.6678516354,236420
2016-04-08,48.6976239753,48.7174722019,48.6480034088,48.7174722019,160283
2016-04-11,48.6777757487,48.7174722019,48.6480034088,48.6480034088,157456
2016-04-12,48.6281551822,48.6579275221,48.6281551822,48.6380792955,214909
2016-04-13,48.6281551822,48.6677523943,48.6084061967,48.6579275221,233044
2016-04-14,48.588458729,48.6181318278,48.5289140492,48.558686389100004,160439
2016-04-15,48.558686389100004,48.6281551822,48.5487622758,48.6083069556,198429
2016-04-18,48.558686389100004,48.588458729,48.5189899359,48.588458729,195503
2016-04-19,48.588458729,48.6181318278,48.5686105024,48.6083069556,121947
2016-04-20,48.5785346157,48.6281551822,48.5686105024,48.6182310689,158784
2016-04-21,48.558686389100004,48.619024998,48.5189899359,48.5686105024,255896
2016-04-22,48.588458729,48.6182310689,48.5487622758,48.5785346157,266105
2016-04-25,48.588458729,48.5983828423,48.5388381625,48.558686389100004,199126
2016-04-26,48.5686105024,48.5686105024,48.5189899359,48.558686389100004,553208
2016-04-27,48.5983828423,48.6380792955,48.5488615169,48.6281551822,254444
2016-04-28,48.6380792955,48.7273963152,48.6281551822,48.687699862,1184689
2016-04-29,48.7075480886,48.7531990098,48.6381785366,48.6678516354,284953
2016-05-02,48.6380792955,48.6975247342,48.5785346157,48.6579275221,462603
2016-05-03,48.7075480886,48.7174722019,48.6679508766,48.7174722019,147120
2016-05-04,48.7273963152,48.7670927684,48.6778749899,48.7273963152,224566
2016-05-05,48.7174722019,48.7551838325,48.6777757487,48.7273963152,157140
2016-05-06,48.7273963152,48.7670927684,48.6678516354,48.6777757487,193040
2016-05-09,48.7472445418,48.7967658672,48.687699862,48.7273963152,154980
2016-05-10,48.7273963152,48.7770168817,48.6777757487,48.7670927684,182826
2016-05-11,48.786940995,48.816713335,48.7472445418,48.786940995,129451
2016-05-12,48.7571686551,48.7868417539,48.7273963152,48.7670927684,247389
2016-05-13,48.7472445418,48.7770168817,48.7174722019,48.7670927684,139927
2016-05-16,48.7273963152,48.8067892217,48.7273963152,48.7571686551,268327
2016-05-17,48.7373204285,48.8266374483,48.7373204285,48.7670927684,128001
2016-05-18,48.7373204285,48.7472445418,48.588458729,48.6380792955,172559
2016-05-19,48.6281551822,48.6677523943,48.5786338568,48.6281551822,162682
2016-05-20,48.687699862,48.687699862,48.5983828423,48.6579275221,448389
2016-05-23,48.6182310689,48.6380792955,48.5785346157,48.6281551822,254637
2016-05-24,48.6182310689,48.6380792955,48.5686105024,48.6132690123,127644
2016-05-25,48.687699862,48.687699862,48.6083069556,48.6480034088,164642
2016-05-26,48.687699862,48.7272970741,48.6580267632,48.687699862,170440
2016-05-27,48.8464856749,48.9457268079,48.6380792955,48.6579275221,140976
2016-05-31,48.6380792955,48.6850203514,48.6083069556,48.6380792955,344566
2016-06-01,48.6777757487,48.8042089522,48.5984820834,48.6281551822,163879
2016-06-02,48.687699862,48.786940995,48.6282544233,48.6579275221,160410
2016-06-03,48.7273963152,48.9158552268,48.7273963152,48.8266374483,152176
2016-06-06,48.8266374483,48.8762580148,48.7770168817,48.8663339015,153995
2016-06-07,48.915954468,48.9437419852,48.8959077591,48.9358026946,150058
2016-06-08,48.9556509212,48.9754991478,48.915954468,48.9754991478,254318
2016-06-09,48.9754991478,49.015195601,48.9358026946,48.9655750345,175905
2016-06-10,48.9358026946,49.015195601,48.9358026946,48.9854232611,368010
2016-06-13,48.9854232611,49.007752516,48.9259778224,48.9854232611,194507
2016-06-14,49.1243608473,49.1243608473,48.9258785813,48.9556509212,154118
2016-06-15,48.9556509212,49.0350438276,48.9060303547,49.0350438276,170017
2016-06-16,49.0251197143,49.0350438276,48.9457268079,48.9953473744,354407
2016-06-17,48.9854232611,48.9854232611,48.9258785813,48.9854232611,129533
2016-06-20,48.9358026946,48.9854232611,48.8961062414,48.9457268079,171511
2016-06-21,48.9258785813,48.9258785813,48.8564097882,48.8961062414,168853
2016-06-22,48.8961062414,48.9358026946,48.846584916,48.8663339015,159965
2016-06-23,48.9358026946,48.9754991478,48.8266374483,48.9308406379,97476
2016-06-24,48.9854232611,49.114436734,48.9754991478,49.0251197143,159867
2016-06-27,49.0350438276,49.084565153,48.9754991478,48.9854232611,338537
2016-06-28,49.015195601,49.0648161675,48.9655750345,49.0251197143,393062
2016-06-29,49.0648161675,49.1045126207,49.0350438276,49.0747402808,129375
2016-06-30,49.0747402808,49.1442090739,49.0449679409,49.1045126207,130033
2016-07-01,49.2236019804,49.2930707735,49.1442090739,49.2236019804,158210
2016-07-05,49.3823877932,49.3823877932,49.1739814138,49.2037537538,170712
2016-07-06,49.2236019804,49.2631991924,49.1938296405,49.2335260937,103475
2016-07-07,49.243450207,49.261412852,49.1938296405,49.1938296405,115028
2016-07-08,49.1938296405,49.2236019804,49.1342849606,49.2136778671,276303
2016-07-11,49.1839055271,49.2019674134,49.1243608473,49.1342849606,1302880
2016-07-12,49.1640573005,49.1937303993,49.0649154087,49.1243608473,271903
2016-07-13,49.1640573005,49.1938296405,49.114436734,49.1243608473,166690
2016-07-14,49.1342849606,49.1739814138,49.0846643941,49.114436734,253448
2016-07-15,49.0648161675,49.114436734,49.0280969483,49.0648161675,170481
2016-07-18,49.1342849606,49.1392470173,49.0558844655,49.0945885074,122415
2016-07-19,49.0747402808,49.1383538471,49.0548920542,49.0846643941,125312
2016-07-20,49.0449679409,49.0648161675,48.9854232611,49.0548920542,193375
2016-07-21,49.0350438276,49.0737478695,49.0052714877,49.0350438276,3214327
2016-07-22,49.0350438276,49.0548920542,48.9854232611,49.015195601,228573
2016-07-25,49.015195601,49.023432615,48.9397723399,48.9754991478,131404
2016-07-26,48.9358026946,48.9655750345,48.915954468,48.9556509212,108262
2016-07-27,48.9854232611,48.9953473744,48.915954468,48.9754991478,164638
2016-07-28,48.9953473744,49.015195601,48.9754991478,48.9854232611,125754
2016-07-29,49.0648161675,49.0747402808,49.015195601,49.0648161675,147562
2016-08-01,48.9854232611,49.0548920542,48.915954468,48.9258785813,168155
2016-08-02,48.8861821281,48.9556509212,48.8762580148,48.915954468,675378
2016-08-03,48.9258785813,48.9854232611,48.8762580148,48.9754991478,161308
2016-08-04,49.0449679409,49.0747402808,48.9953473744,49.0548920542,123430
2016-08-05,49.0251197143,49.0340514163,48.9655750345,48.9655750345,129306
2016-08-08,48.9953473744,49.0350438276,48.9754991478,48.9754991478,165513
2016-08-09,48.9556509212,49.0251197143,48.9482078362,49.0251197143,201220
2016-08-10,49.0350438276,49.0350438276,48.9854232611,49.015195601,229050
2016-08-11,49.015195601,49.015195601,48.9258785813,48.9655750345,218515
2016-08-12,49.015195601,49.0548920542,48.9854232611,48.9953473744,86761
2016-08-15,48.9953473744,49.0251197143,48.9556509212,48.9953473744,463249
2016-08-16,48.9457268079,48.9457268079,48.8762580148,48.9358026946,220654
2016-08-17,48.9457268079,49.0052714877,48.915954468,48.9953473744,1251398
2016-08-18,49.015195601,49.0846643941,48.9953473744,49.0548920542,187173
2016-08-19,49.0350438276,49.0548920542,48.9854232611,49.0449679409,197582
2016-08-22,49.0648161675,49.0648161675,49.0145009131,49.0449679409,155750
2016-08-23,49.0648161675,49.0747402808,49.0251197143,49.0548920542,127763
2016-08-24,49.0846643941,49.0945885074,49.0251197143,49.0548920542,743505
2016-08-25,49.0251197143,49.0548920542,48.9854232611,49.0350438276,136934
2016-08-26,49.0648161675,49.0945885074,48.8861821281,48.9258785813,164538
2016-08-29,48.9556509212,48.9754991478,48.9109924113,48.9754991478,238716
2016-08-30,48.9655750345,48.9754991478,48.915954468,48.9457268079,141185
2016-08-31,48.9258785813,48.9388791697,48.8663339015,48.8663339015,348492
2016-09-01,48.8266374483,48.915954468,48.8266374483,48.8961062414,328300
2016-09-02,48.9258785813,48.9258785813,48.8564097882,48.9060303547,192666
2016-09-06,48.915954468,49.0251197143,48.8663339015,48.9854232611,310111
2016-09-07,49.0052714877,49.0449679409,48.9854232611,49.0350438276,308968
2016-09-08,49.0251197143,49.0449679409,48.9953473744,49.0251197143,93766
2016-09-09,48.9556509212,48.9953473744,48.8861821281,48.9258785813,137709
2016-09-12,48.9060303547,48.9754991478,48.8861821281,48.9754991478,133376
2016-09-13,48.9655750345,48.9655750345,48.8464856749,48.915954468,683465
2016-09-14,48.8961062414,48.9556509212,48.8961062414,48.9357034535,318818
2016-09-15,48.9556509212,49.0250204732,48.9258785813,48.9953473744,163502
2016-09-16,49.0052714877,49.0350438276,48.9754991478,49.0350438276,124168
2016-09-19,48.9953473744,49.0350438276,48.9953473744,49.0251197143,106790
2016-09-20,49.015195601,49.0251197143,48.9854232611,49.015195601,97856
2016-09-21,48.9953473744,49.0747402808,48.9556509212,49.0548920542,152741
2016-09-22,49.0747402808,49.1442090739,49.0548920542,49.1342849606,235445
2016-09-23,49.1442090739,49.1839055271,49.1342849606,49.1640573005,261132
2016-09-26,49.1938296405,49.221120952,49.1739814138,49.1938296405,499381
2016-09-27,49.1839055271,49.1839055271,49.114436734,49.1640573005,495288
2016-09-28,49.2136778671,49.2533743203,49.1924402646,49.243450207,420596
2016-09-29,49.2236019804,49.2732225469,49.2037537538,49.2632984336,247739
2016-09-30,49.2930707735,49.2930707735,49.2335260937,49.2732225469,1008599
2016-10-03,49.2236019804,49.2731233057,49.2037537538,49.2335260937,130896
2016-10-04,49.2236019804,49.243450207,49.1640573005,49.183806286,370332
2016-10-05,49.2037537538,49.2037537538,49.1443083151,49.1739814138,304448
2016-10-06,49.1839055271,49.2037537538,49.1640573005,49.1839055271,254771
2016-10-07,49.2037537538,49.2136778671,49.1640573005,49.2037537538,271577
2016-10-10,49.2236019804,49.2236019804,49.1640573005,49.2037537538,248945
2016-10-11,49.243450207,49.243450207,49.1542324284,49.1839055271,235875
2016-10-12,49.1739814138,49.1987916971,49.1541331872,49.1938296405,370192
2016-10-13,49.1938296405,49.2291594838,49.1739814138,49.2236019804,391530
2016-10-14,49.2236019804,49.2533743203,49.2136778671,49.243450207,232963
2016-10-17,49.2632984336,49.3029948868,49.2335260937,49.3029948868,329717
2016-10-18,49.2831466602,49.3129190001,49.2435494481,49.3129190001,222895
2016-10-19,49.2930707735,49.34269134,49.2832459013,49.34269134,406760
2016-10-20,49.34269134,49.3526154533,49.2732225469,49.3029948868,1201982
2016-10-21,49.3129190001,49.3327672267,49.2732225469,49.3228431134,312788
2016-10-24,49.3129190001,49.3129190001,49.2533743203,49.2533743203,355526
2016-10-25,49.2632984336,49.2831466602,49.2236019804,49.243450207,200684
2016-10-26,49.243450207,49.2930707735,49.2236019804,49.2632984336,279209
2016-10-27,49.243450207,49.2631991924,49.2037537538,49.2335260937,274653
2016-10-28,49.243450207,49.2930707735,49.2087158104,49.2632984336,194637
2016-10-31,49.2930707735,49.3029948868,49.2632984336,49.2831466602,195605
2016-11-01,49.2831466602,49.3129190001,49.243450207,49.3029948868,861719
2016-11-02,49.2930707735,49.3028956456,49.228564037,49.2664741498,990701
2016-11-03,49.2831466602,49.2930707735,49.2136778671,49.243450207,210487
2016-11-04,49.2533743203,49.2632984336,49.2236019804,49.2632984336,259429
2016-11-07,49.2533743203,49.2632984336,49.2236019804,49.2632984336,255359
2016-11-08,49.243450207,49.2467251644,49.1939288816,49.2136778671,154495
2016-11-09,49.2732225469,49.2984297947,49.1542324284,49.1739814138,478366
2016-11-10,49.1938296405,49.2532750791,49.1342849606,49.1839055271,642885
2016-11-11,49.1739814138,49.1739814138,49.1045126207,49.1442090739,241271
2016-11-14,49.0747402808,49.114436734,48.9457268079,48.9655750345,478004
2016-11-15,48.9953473744,49.0648161675,48.9457268079,48.9854232611,440724
2016-11-16,48.9556509212,49.0052714877,48.8762580148,49.0052714877,325111
2016-11-17,49.0350438276,49.0648161675,48.9386806874,49.0052714877,725885
2016-11-18,49.2037537538,49.2037537538,48.9258785813,48.9556509212,444614
2016-11-21,49.015195601,49.015195601,48.9358026946,48.9754991478,369901
2016-11-22,49.0052714877,49.0548920542,48.9457268079,49.015195601,439661
2016-11-23,48.9754991478,48.9777816939,48.9131757163,48.915954468,363929
2016-11-25,48.9754991478,48.9754991478,48.8961062414,48.9556509212,127445
2016-11-28,48.9953473744,48.9953473744,48.915954468,48.915954468,394515
2016-11-29,48.9060303547,48.9854232611,48.8564097882,48.9754991478,413643
2016-11-30,48.9754991478,49.0251197143,48.9556509212,48.9953473744,358748
2016-12-01,48.9655750345,49.0449679409,48.9655750345,49.0251197143,341807
2016-12-02,48.9953473744,49.0846643941,48.9953473744,49.0350438276,523565
2016-12-05,49.0449679409,49.1243608473,49.0052714877,49.0548920542,555935
2016-12-06,49.0449679409,49.0846643941,49.0052714877,49.0846643941,430680
2016-12-07,49.1045126207,49.114436734,49.0549912953,49.0945885074,478736
2016-12-08,49.0945885074,49.1442090739,49.0548920542,49.1243608473,380631
2016-12-09,49.1442090739,49.1541331872,49.0449679409,49.0648161675,372660
2016-12-12,49.1342849606,49.138254606,49.0648161675,49.1045126207,340268
2016-12-13,49.1045126207,49.1045126207,49.0350438276,49.0747402808,533642
2016-12-14,49.14,49.14,48.9,48.91,600069
2016-12-15,48.82,48.8588,48.77,48.79,598474
2016-12-16,48.77,48.83,48.741,48.8,485949
2016-12-19,48.87,48.89,48.82,48.88,601719
2016-12-20,48.89,48.96,48.8416,48.92,439843
2016-12-21,49.02,49.04,48.93,48.94,913794
2016-12-22,48.95,49.0,48.91,49.0,877547
2016-12-23,49.0,49.0719,48.98,49.015,329852
2016-12-27,49.06,49.06,48.98,49.01,354570
2016-12-28,49.02,49.1,48.996,49.1,337273
2016-12-29,49.08,49.16,49.066,49.1,481942
2016-12-30,49.11,49.17,49.08,49.16,356844
2017-01-03,49.15,49.17,49.11,49.16,386515
2017-01-04,49.13,49.18,49.11,49.18,332340
2017-01-05,49.19,49.249,49.16,49.24,350398
2017-01-06,49.18,49.1999,49.13,49.16,299290
2017-01-09,49.19,49.2,49.12,49.19,299692
2017-01-10,49.19,49.2,49.16,49.16,319307
2017-01-11,49.23,49.29,49.18,49.23,640598
2017-01-12,49.28,49.2999,49.23,49.26,327040
2017-01-13,49.22,49.25,49.16,49.23,358876
2017-01-17,49.33,49.3689,49.25,49.3,959374
2017-01-18,49.29,49.3,49.19,49.2,671156
2017-01-19,49.18,49.22,49.1401,49.21,402059
2017-01-20,49.22,49.2899,49.1842,49.27,535628
2017-01-23,49.27,49.32,49.22,49.27,397521
2017-01-24,49.3,49.3,49.26,49.29,449155
2017-01-25,49.23,49.26,49.21,49.26,374586
2017-01-26,49.26,49.3,49.22,49.26,618080
2017-01-27,49.3,49.33,49.28,49.31,350097
2017-01-30,49.34,49.35,49.31,49.32,426674
2017-01-31,49.35,49.4,49.3206,49.39,568693
2017-02-01,49.36,49.41,49.33,49.39,440971
2017-02-02,49.42,49.43,49.36,49.4,1320173
2017-02-03,49.45,49.48,49.36,49.4,483552
2017-02-06,49.46,49.46,49.4,49.45,2352499
2017-02-07,49.39,49.44,49.38,49.39,484005
2017-02-08,49.41,49.42,49.34,49.37,409036
2017-02-09,49.38,49.38,49.31,49.34,440102
2017-02-10,49.35,49.4,49.3,49.35,558754
2017-02-13,49.31,49.31,49.29,49.3,423609
2017-02-14,49.3,49.33,49.21,49.24,551750
2017-02-15,49.27,49.3,49.25,49.3,493002
2017-02-16,49.32,49.35,49.27,49.34,1775114
2017-02-17,49.37,49.37,49.32,49.37,638199
2017-02-21,49.38,49.38,49.34,49.38,420652
2017-02-22,49.4,49.42,49.33,49.42,406027
2017-02-23,49.46,49.46,49.42,49.42,366276
2017-02-24,49.49,49.52,49.45,49.51,446239
2017-02-27,49.49,49.49,49.43,49.44,358769
2017-02-28,49.44,49.45,49.39,49.41,569127
2017-03-01,49.3,49.33,49.27,49.3,403255
2017-03-02,49.28,49.35,49.23,49.26,495649
2017-03-03,49.27,49.37,49.23,49.37,334637
2017-03-06,49.36,49.36,49.31,49.35,423725
2017-03-07,49.35,49.35,49.3,49.32,277726
2017-03-08,49.28,49.32,49.21,49.21,528667
2017-03-09,49.2,49.28,49.17,49.18,341329
2017-03-10,49.25,49.26,49.17,49.21,467235
2017-03-13,49.2,49.2,49.12,49.12,505797
2017-03-14,49.11,49.15,49.11,49.13,232633
2017-03-15,49.18,49.35,49.15,49.32,455450
2017-03-16,49.34,49.35,49.29,49.31,418293
2017-03-17,49.35,49.39,49.3,49.33,630912
2017-03-20,49.36,49.38,49.33,49.36,227127
2017-03-21,49.4,49.43,49.38,49.41,1029701
2017-03-22,49.42,49.43,49.36,49.42,307197
2017-03-23,49.41,49.43,49.36,49.42,297344
2017-03-24,49.38,49.47,49.36,49.38,408548
2017-03-27,49.48,49.48,49.43,49.44,369854
2017-03-28,49.47,49.5,49.39,49.4,316512
2017-03-29,49.45,49.48,49.4,49.48,374953
2017-03-30,49.46,49.47,49.41,49.41,325311
2017-03-31,49.46,49.51,49.45,49.47,372684
2017-04-03,49.53,49.57,49.5,49.56,591564
2017-04-04,49.55,49.57,49.51,49.53,371375
2017-04-05,49.54,49.59,49.52,49.58,1624329
2017-04-06,49.56,49.58,49.51,49.55,687057
2017-04-07,49.54,49.57,49.46,49.48,393106
2017-04-10,49.51,49.52,49.47,49.5,333186
2017-04-11,49.52,49.54,49.48,49.53,245535
2017-04-12,49.54,49.59,49.5,49.56,269579
2017-04-13,49.59,49.62,49.55,49.6,288991
2017-04-17,49.51,49.56,49.47,49.51,774298
2017-04-18,49.52,49.55,49.46,49.53,371767
2017-04-19,49.51,49.53,49.46,49.47,201272
2017-04-20,49.48,49.5,49.45,49.49,227180
2017-04-21,49.51,49.55,49.46,49.5,298653
2017-04-24,49.47,49.5,49.43,49.49,194862
2017-04-25,49.46,49.48,49.44,49.45,448285
2017-04-26,49.47,49.49,49.45,49.45,294396
2017-04-27,49.48,49.48,49.44,49.44,285929
2017-04-28,49.47,49.49,49.44,49.46,207987
2017-05-01,49.48,49.5,49.41,49.45,322984
2017-05-02,49.44,49.46,49.4,49.43,268542
2017-05-03,49.4,49.4,49.33,49.37,609829
2017-05-04,49.3,49.31,49.24,49.28,313085
2017-05-05,49.29,49.32,49.26,49.32,208393
2017-05-08,49.3,49.32,49.24,49.28,356913
2017-05-09,49.26,49.27,49.21,49.24,285407
2017-05-10,49.29,49.31,49.25,49.29,599732
2017-05-11,49.3,49.36,49.26,49.36,309970
2017-05-12,49.34,49.38,49.3,49.33,297799
2017-05-15,49.34,49.38,49.31,49.32,219845
2017-05-16,49.31,49.34,49.29,49.33,273845
2017-05-17,49.38,49.41,49.35,49.41,304564
2017-05-18,49.39,49.42,49.34,49.38,194555
2017-05-19,49.41,49.44,49.37,49.42,217420
2017-05-22,49.4,49.44,49.39,49.41,325776
2017-05-23,49.44,49.48,49.38,49.39,265398
2017-05-24,49.38,49.43,49.36,49.41,163852
2017-05-25,49.42,49.44,49.36,49.38,256053
2017-05-26,49.4,49.45,49.39,49.44,156133
2017-05-30,49.44,49.48,49.41,49.48,271045
2017-05-31,49.43,49.47,49.4,49.45,189328
2017-06-01,49.43,49.47,49.4,49.47,429204
2017-06-02,49.46,49.51,49.45,49.49,269159
2017-06-05,49.46,49.48,49.44,49.45,240562
2017-06-06,49.48,49.53,49.47,49.53,227103
2017-06-07,49.45,49.49,49.42,49.43,226328
2017-06-08,49.39,49.43,49.38,49.4,298661
2017-06-09,49.4,49.43,49.39,49.42,154162
2017-06-12,49.41,49.42,49.36,49.37,233745
2017-06-13,49.35,49.38,49.34,49.36,157269
2017-06-14,49.36,49.36,49.21,49.26,236857
2017-06-15,49.16,49.17,49.14,49.17,290185
2017-06-16,49.19,49.22,49.18,49.22,179511
2017-06-19,49.16,49.19,49.13,49.15,206996
2017-06-20,49.12,49.15,49.1,49.15,270583
2017-06-21,49.14,49.18,49.14,49.17,469226
2017-06-22,49.17,49.23,49.16,49.23,262198
2017-06-23,49.24,49.26,49.21,49.23,283604
2017-06-26,49.28,49.28,49.23,49.28,218038
2017-06-27,49.27,49.27,49.22,49.25,357113
2017-06-28,49.29,49.32,49.24,49.31,249479
2017-06-29,49.27,49.27,49.22,49.27,241403
2017-06-30,49.25,49.27,49.21,49.23,157580
2017-07-03,49.24,49.24,49.2,49.23,242446
2017-07-05,49.21,49.25,49.2,49.24,299098
2017-07-06,49.24,49.24,49.19,49.19,345945
2017-07-07,49.19,49.2,49.13,49.17,195686
2017-07-10,49.16,49.19,49.14,49.17,176722
2017-07-11,49.11,49.2,49.11,49.2,314247
2017-07-12,49.29,49.29,49.23,49.23,205741
2017-07-13,49.21,49.25,49.2,49.22,280582
2017-07-14,49.22,49.24,49.19,49.24,211207
2017-07-17,49.24,49.25,49.2,49.25,193756
2017-07-18,49.28,49.31,49.26,49.3,1288617
2017-07-19,49.3,49.32,49.27,49.32,463532
2017-07-20,49.33,49.35,49.26,49.3,367693
2017-07-21,49.32,49.32,49.27,49.3,201771
2017-07-24,49.3,49.3,49.26,49.29,244603
2017-07-25,49.26,49.28,49.25,49.26,218362
2017-07-26,49.25,49.35,49.24,49.33,373264
2017-07-27,49.32,49.36,49.3,49.35,482436
2017-07-28,49.34,49.37,49.33,49.36,275089
2017-07-31,49.37,49.38,49.33,49.36,252107
2017-08-01,49.36,49.4,49.35,49.4,447468
2017-08-02,49.34,49.37,49.34,49.36,246628
2017-08-03,49.34,49.4,49.33,49.37,603541
2017-08-04,49.36,49.4,49.34,49.4,253505
2017-08-07,49.36,49.41,49.36,49.41,307531
2017-08-08,49.41,49.44,49.4,49.43,320320
2017-08-09,49.45,49.49,49.44,49.46,301931
2017-08-10,49.45,49.49,49.44,49.47,407184
2017-08-11,49.44,49.48,49.42,49.48,271542
2017-08-14,49.44,49.45,49.37,49.4,351737
2017-08-15,49.34,49.34,49.3,49.34,248716
2017-08-16,49.33,49.39,49.32,49.37,252883
2017-08-17,49.36,49.42,49.35,49.41,262445
2017-08-18,49.4,49.42,49.38,49.4,229731
2017-08-21,49.39,49.41,49.36,49.4,257110
2017-08-22,49.36,49.4,49.35,49.37,192679
2017-08-23,49.39,49.44,49.37,49.44,191991
2017-08-24,49.42,49.43,49.38,49.39,184497
2017-08-25,49.39,49.41,49.37,49.4,148887
2017-08-28,49.41,49.44,49.4,49.43,232346
2017-08-29,49.47,49.4886,49.4345,49.46,154911
2017-08-30,49.43,49.45,49.41,49.43,1878593
2017-08-31,49.47,49.5,49.45,49.5,267214
2017-09-01,49.49,49.51,49.46,49.46,197870
2017-09-05,49.51,49.59,49.5,49.59,203665
2017-09-06,49.59,49.59,49.53,49.54,759388
2017-09-07,49.57,49.64,49.57,49.63,291480
2017-09-08,49.65,49.66,49.6,49.66,176953
2017-09-11,49.61,49.62,49.59,49.59,206724
2017-09-12,49.59,49.59,49.55,49.58,216773
2017-09-13,49.57,49.57,49.53,49.56,164450
2017-09-14,49.57,49.59,49.56,49.59,185192
2017-09-15,49.58,49.58,49.54,49.56,154441
2017-09-18,49.53,49.59,49.53,49.58,226939
2017-09-19,49.59,49.59,49.54,49.56,192763
2017-09-20,49.57,49.585,49.4325,49.49,302079
